ISO-10303-21;
HEADER;
/* Generated by software containing ST-Developer
 * from STEP Tools, Inc. (www.steptools.com) 
 */
/* OPTION: using custom renumber hook */

FILE_DESCRIPTION(
/* description */ ('STEP AP242 Edition 2',
'CAx-IF Rec.Pracs.---Representation and Presentation of Product Manufa
cturing Information (PMI)---4.0---2014-10-13',
'CAx-IF Rec.Pracs.---3D Tessellated Geometry---0.4---2014-09-14','2;1',
'CAx-IF Rec.Pracs.---User Defined Attributes---1.5---2016-08-15'),
/* implementation_level */ '2;1');

FILE_NAME(
/* name */ 'case',
/* time_stamp */ '2026-09-28T14:24:57Z',
/* author */ (''),
/* organization */ (''),
/* preprocessor_version */ 'ST-DEVELOPER v20',
/* originating_system */ 'ONSHAPE BY PTC INC, 1.221',
/* authorisation */ '  ');

FILE_SCHEMA (('AP242_MANAGED_MODEL_BASED_3D_ENGINEERING_MIM_LF { 1 0 10303 442 3 1 4 }'));
ENDSEC;

DATA;
#10=SHAPE_REPRESENTATION_RELATIONSHIP('','',#2481,#18);
#11=SHAPE_REPRESENTATION_RELATIONSHIP('','',#2482,#19);
#12=SHAPE_REPRESENTATION_RELATIONSHIP('','',#2483,#20);
#13=SHAPE_REPRESENTATION_RELATIONSHIP('','',#2484,#21);
#14=SHAPE_REPRESENTATION_RELATIONSHIP('','',#2485,#22);
#15=SHAPE_REPRESENTATION_RELATIONSHIP('','',#2486,#23);
#16=SHAPE_REPRESENTATION_RELATIONSHIP('','',#2487,#24);
#17=SHAPE_REPRESENTATION_RELATIONSHIP('','',#2488,#25);
#18=ADVANCED_BREP_SHAPE_REPRESENTATION('',(#2465),#3901);
#19=ADVANCED_BREP_SHAPE_REPRESENTATION('',(#2466),#3902);
#20=ADVANCED_BREP_SHAPE_REPRESENTATION('',(#2467),#3903);
#21=ADVANCED_BREP_SHAPE_REPRESENTATION('',(#2468),#3904);
#22=ADVANCED_BREP_SHAPE_REPRESENTATION('',(#2469),#3905);
#23=ADVANCED_BREP_SHAPE_REPRESENTATION('',(#2470),#3906);
#24=ADVANCED_BREP_SHAPE_REPRESENTATION('',(#2471),#3907);
#25=ADVANCED_BREP_SHAPE_REPRESENTATION('',(#2472),#3908);
#26=ORIENTED_EDGE('',*,*,#680,.F.);
#27=ORIENTED_EDGE('',*,*,#681,.F.);
#28=ORIENTED_EDGE('',*,*,#682,.T.);
#29=ORIENTED_EDGE('',*,*,#683,.T.);
#30=ORIENTED_EDGE('',*,*,#684,.F.);
#31=ORIENTED_EDGE('',*,*,#685,.F.);
#32=ORIENTED_EDGE('',*,*,#686,.T.);
#33=ORIENTED_EDGE('',*,*,#681,.T.);
#34=ORIENTED_EDGE('',*,*,#687,.F.);
#35=ORIENTED_EDGE('',*,*,#688,.F.);
#36=ORIENTED_EDGE('',*,*,#689,.T.);
#37=ORIENTED_EDGE('',*,*,#685,.T.);
#38=ORIENTED_EDGE('',*,*,#690,.F.);
#39=ORIENTED_EDGE('',*,*,#691,.F.);
#40=ORIENTED_EDGE('',*,*,#692,.T.);
#41=ORIENTED_EDGE('',*,*,#688,.T.);
#42=ORIENTED_EDGE('',*,*,#693,.F.);
#43=ORIENTED_EDGE('',*,*,#694,.F.);
#44=ORIENTED_EDGE('',*,*,#695,.T.);
#45=ORIENTED_EDGE('',*,*,#691,.T.);
#46=ORIENTED_EDGE('',*,*,#696,.F.);
#47=ORIENTED_EDGE('',*,*,#697,.F.);
#48=ORIENTED_EDGE('',*,*,#698,.T.);
#49=ORIENTED_EDGE('',*,*,#694,.T.);
#50=ORIENTED_EDGE('',*,*,#699,.F.);
#51=ORIENTED_EDGE('',*,*,#700,.F.);
#52=ORIENTED_EDGE('',*,*,#701,.T.);
#53=ORIENTED_EDGE('',*,*,#697,.T.);
#54=ORIENTED_EDGE('',*,*,#702,.F.);
#55=ORIENTED_EDGE('',*,*,#703,.F.);
#56=ORIENTED_EDGE('',*,*,#704,.T.);
#57=ORIENTED_EDGE('',*,*,#700,.T.);
#58=ORIENTED_EDGE('',*,*,#705,.F.);
#59=ORIENTED_EDGE('',*,*,#706,.F.);
#60=ORIENTED_EDGE('',*,*,#707,.T.);
#61=ORIENTED_EDGE('',*,*,#703,.T.);
#62=ORIENTED_EDGE('',*,*,#708,.F.);
#63=ORIENTED_EDGE('',*,*,#709,.F.);
#64=ORIENTED_EDGE('',*,*,#710,.T.);
#65=ORIENTED_EDGE('',*,*,#706,.T.);
#66=ORIENTED_EDGE('',*,*,#711,.F.);
#67=ORIENTED_EDGE('',*,*,#712,.F.);
#68=ORIENTED_EDGE('',*,*,#713,.T.);
#69=ORIENTED_EDGE('',*,*,#709,.T.);
#70=ORIENTED_EDGE('',*,*,#714,.F.);
#71=ORIENTED_EDGE('',*,*,#715,.F.);
#72=ORIENTED_EDGE('',*,*,#716,.T.);
#73=ORIENTED_EDGE('',*,*,#712,.T.);
#74=ORIENTED_EDGE('',*,*,#717,.T.);
#75=ORIENTED_EDGE('',*,*,#718,.F.);
#76=ORIENTED_EDGE('',*,*,#719,.F.);
#77=ORIENTED_EDGE('',*,*,#715,.T.);
#78=ORIENTED_EDGE('',*,*,#720,.T.);
#79=ORIENTED_EDGE('',*,*,#721,.F.);
#80=ORIENTED_EDGE('',*,*,#722,.F.);
#81=ORIENTED_EDGE('',*,*,#718,.T.);
#82=ORIENTED_EDGE('',*,*,#723,.F.);
#83=ORIENTED_EDGE('',*,*,#724,.F.);
#84=ORIENTED_EDGE('',*,*,#725,.T.);
#85=ORIENTED_EDGE('',*,*,#721,.T.);
#86=ORIENTED_EDGE('',*,*,#726,.F.);
#87=ORIENTED_EDGE('',*,*,#727,.F.);
#88=ORIENTED_EDGE('',*,*,#728,.T.);
#89=ORIENTED_EDGE('',*,*,#724,.T.);
#90=ORIENTED_EDGE('',*,*,#729,.F.);
#91=ORIENTED_EDGE('',*,*,#683,.F.);
#92=ORIENTED_EDGE('',*,*,#730,.T.);
#93=ORIENTED_EDGE('',*,*,#727,.T.);
#94=ORIENTED_EDGE('',*,*,#682,.F.);
#95=ORIENTED_EDGE('',*,*,#686,.F.);
#96=ORIENTED_EDGE('',*,*,#689,.F.);
#97=ORIENTED_EDGE('',*,*,#692,.F.);
#98=ORIENTED_EDGE('',*,*,#695,.F.);
#99=ORIENTED_EDGE('',*,*,#698,.F.);
#100=ORIENTED_EDGE('',*,*,#701,.F.);
#101=ORIENTED_EDGE('',*,*,#704,.F.);
#102=ORIENTED_EDGE('',*,*,#707,.F.);
#103=ORIENTED_EDGE('',*,*,#710,.F.);
#104=ORIENTED_EDGE('',*,*,#713,.F.);
#105=ORIENTED_EDGE('',*,*,#716,.F.);
#106=ORIENTED_EDGE('',*,*,#719,.T.);
#107=ORIENTED_EDGE('',*,*,#722,.T.);
#108=ORIENTED_EDGE('',*,*,#725,.F.);
#109=ORIENTED_EDGE('',*,*,#728,.F.);
#110=ORIENTED_EDGE('',*,*,#730,.F.);
#111=ORIENTED_EDGE('',*,*,#680,.T.);
#112=ORIENTED_EDGE('',*,*,#729,.T.);
#113=ORIENTED_EDGE('',*,*,#726,.T.);
#114=ORIENTED_EDGE('',*,*,#723,.T.);
#115=ORIENTED_EDGE('',*,*,#720,.F.);
#116=ORIENTED_EDGE('',*,*,#717,.F.);
#117=ORIENTED_EDGE('',*,*,#714,.T.);
#118=ORIENTED_EDGE('',*,*,#711,.T.);
#119=ORIENTED_EDGE('',*,*,#708,.T.);
#120=ORIENTED_EDGE('',*,*,#705,.T.);
#121=ORIENTED_EDGE('',*,*,#702,.T.);
#122=ORIENTED_EDGE('',*,*,#699,.T.);
#123=ORIENTED_EDGE('',*,*,#696,.T.);
#124=ORIENTED_EDGE('',*,*,#693,.T.);
#125=ORIENTED_EDGE('',*,*,#690,.T.);
#126=ORIENTED_EDGE('',*,*,#687,.T.);
#127=ORIENTED_EDGE('',*,*,#684,.T.);
#128=ORIENTED_EDGE('',*,*,#731,.F.);
#129=ORIENTED_EDGE('',*,*,#732,.F.);
#130=ORIENTED_EDGE('',*,*,#733,.T.);
#131=ORIENTED_EDGE('',*,*,#734,.T.);
#132=ORIENTED_EDGE('',*,*,#735,.F.);
#133=ORIENTED_EDGE('',*,*,#736,.F.);
#134=ORIENTED_EDGE('',*,*,#737,.T.);
#135=ORIENTED_EDGE('',*,*,#732,.T.);
#136=ORIENTED_EDGE('',*,*,#738,.F.);
#137=ORIENTED_EDGE('',*,*,#739,.F.);
#138=ORIENTED_EDGE('',*,*,#740,.T.);
#139=ORIENTED_EDGE('',*,*,#736,.T.);
#140=ORIENTED_EDGE('',*,*,#741,.F.);
#141=ORIENTED_EDGE('',*,*,#742,.F.);
#142=ORIENTED_EDGE('',*,*,#743,.T.);
#143=ORIENTED_EDGE('',*,*,#739,.T.);
#144=ORIENTED_EDGE('',*,*,#744,.F.);
#145=ORIENTED_EDGE('',*,*,#745,.F.);
#146=ORIENTED_EDGE('',*,*,#746,.T.);
#147=ORIENTED_EDGE('',*,*,#742,.T.);
#148=ORIENTED_EDGE('',*,*,#747,.F.);
#149=ORIENTED_EDGE('',*,*,#748,.F.);
#150=ORIENTED_EDGE('',*,*,#749,.T.);
#151=ORIENTED_EDGE('',*,*,#745,.T.);
#152=ORIENTED_EDGE('',*,*,#750,.F.);
#153=ORIENTED_EDGE('',*,*,#751,.F.);
#154=ORIENTED_EDGE('',*,*,#752,.T.);
#155=ORIENTED_EDGE('',*,*,#748,.T.);
#156=ORIENTED_EDGE('',*,*,#753,.F.);
#157=ORIENTED_EDGE('',*,*,#754,.F.);
#158=ORIENTED_EDGE('',*,*,#755,.T.);
#159=ORIENTED_EDGE('',*,*,#751,.T.);
#160=ORIENTED_EDGE('',*,*,#756,.F.);
#161=ORIENTED_EDGE('',*,*,#757,.F.);
#162=ORIENTED_EDGE('',*,*,#758,.T.);
#163=ORIENTED_EDGE('',*,*,#754,.T.);
#164=ORIENTED_EDGE('',*,*,#759,.F.);
#165=ORIENTED_EDGE('',*,*,#760,.F.);
#166=ORIENTED_EDGE('',*,*,#761,.T.);
#167=ORIENTED_EDGE('',*,*,#757,.T.);
#168=ORIENTED_EDGE('',*,*,#762,.F.);
#169=ORIENTED_EDGE('',*,*,#763,.F.);
#170=ORIENTED_EDGE('',*,*,#764,.T.);
#171=ORIENTED_EDGE('',*,*,#760,.T.);
#172=ORIENTED_EDGE('',*,*,#765,.F.);
#173=ORIENTED_EDGE('',*,*,#766,.F.);
#174=ORIENTED_EDGE('',*,*,#767,.T.);
#175=ORIENTED_EDGE('',*,*,#763,.T.);
#176=ORIENTED_EDGE('',*,*,#768,.F.);
#177=ORIENTED_EDGE('',*,*,#769,.F.);
#178=ORIENTED_EDGE('',*,*,#770,.T.);
#179=ORIENTED_EDGE('',*,*,#766,.T.);
#180=ORIENTED_EDGE('',*,*,#771,.F.);
#181=ORIENTED_EDGE('',*,*,#772,.F.);
#182=ORIENTED_EDGE('',*,*,#773,.T.);
#183=ORIENTED_EDGE('',*,*,#769,.T.);
#184=ORIENTED_EDGE('',*,*,#774,.F.);
#185=ORIENTED_EDGE('',*,*,#775,.F.);
#186=ORIENTED_EDGE('',*,*,#776,.T.);
#187=ORIENTED_EDGE('',*,*,#772,.T.);
#188=ORIENTED_EDGE('',*,*,#777,.F.);
#189=ORIENTED_EDGE('',*,*,#778,.F.);
#190=ORIENTED_EDGE('',*,*,#779,.T.);
#191=ORIENTED_EDGE('',*,*,#775,.T.);
#192=ORIENTED_EDGE('',*,*,#780,.F.);
#193=ORIENTED_EDGE('',*,*,#781,.F.);
#194=ORIENTED_EDGE('',*,*,#782,.T.);
#195=ORIENTED_EDGE('',*,*,#778,.T.);
#196=ORIENTED_EDGE('',*,*,#783,.F.);
#197=ORIENTED_EDGE('',*,*,#784,.F.);
#198=ORIENTED_EDGE('',*,*,#785,.T.);
#199=ORIENTED_EDGE('',*,*,#781,.T.);
#200=ORIENTED_EDGE('',*,*,#786,.F.);
#201=ORIENTED_EDGE('',*,*,#787,.F.);
#202=ORIENTED_EDGE('',*,*,#788,.T.);
#203=ORIENTED_EDGE('',*,*,#784,.T.);
#204=ORIENTED_EDGE('',*,*,#789,.F.);
#205=ORIENTED_EDGE('',*,*,#734,.F.);
#206=ORIENTED_EDGE('',*,*,#790,.T.);
#207=ORIENTED_EDGE('',*,*,#787,.T.);
#208=ORIENTED_EDGE('',*,*,#733,.F.);
#209=ORIENTED_EDGE('',*,*,#737,.F.);
#210=ORIENTED_EDGE('',*,*,#740,.F.);
#211=ORIENTED_EDGE('',*,*,#743,.F.);
#212=ORIENTED_EDGE('',*,*,#746,.F.);
#213=ORIENTED_EDGE('',*,*,#749,.F.);
#214=ORIENTED_EDGE('',*,*,#752,.F.);
#215=ORIENTED_EDGE('',*,*,#755,.F.);
#216=ORIENTED_EDGE('',*,*,#758,.F.);
#217=ORIENTED_EDGE('',*,*,#761,.F.);
#218=ORIENTED_EDGE('',*,*,#764,.F.);
#219=ORIENTED_EDGE('',*,*,#767,.F.);
#220=ORIENTED_EDGE('',*,*,#770,.F.);
#221=ORIENTED_EDGE('',*,*,#773,.F.);
#222=ORIENTED_EDGE('',*,*,#776,.F.);
#223=ORIENTED_EDGE('',*,*,#779,.F.);
#224=ORIENTED_EDGE('',*,*,#782,.F.);
#225=ORIENTED_EDGE('',*,*,#785,.F.);
#226=ORIENTED_EDGE('',*,*,#788,.F.);
#227=ORIENTED_EDGE('',*,*,#790,.F.);
#228=ORIENTED_EDGE('',*,*,#731,.T.);
#229=ORIENTED_EDGE('',*,*,#789,.T.);
#230=ORIENTED_EDGE('',*,*,#786,.T.);
#231=ORIENTED_EDGE('',*,*,#783,.T.);
#232=ORIENTED_EDGE('',*,*,#780,.T.);
#233=ORIENTED_EDGE('',*,*,#777,.T.);
#234=ORIENTED_EDGE('',*,*,#774,.T.);
#235=ORIENTED_EDGE('',*,*,#771,.T.);
#236=ORIENTED_EDGE('',*,*,#768,.T.);
#237=ORIENTED_EDGE('',*,*,#765,.T.);
#238=ORIENTED_EDGE('',*,*,#762,.T.);
#239=ORIENTED_EDGE('',*,*,#759,.T.);
#240=ORIENTED_EDGE('',*,*,#756,.T.);
#241=ORIENTED_EDGE('',*,*,#753,.T.);
#242=ORIENTED_EDGE('',*,*,#750,.T.);
#243=ORIENTED_EDGE('',*,*,#747,.T.);
#244=ORIENTED_EDGE('',*,*,#744,.T.);
#245=ORIENTED_EDGE('',*,*,#741,.T.);
#246=ORIENTED_EDGE('',*,*,#738,.T.);
#247=ORIENTED_EDGE('',*,*,#735,.T.);
#248=ORIENTED_EDGE('',*,*,#791,.F.);
#249=ORIENTED_EDGE('',*,*,#792,.F.);
#250=ORIENTED_EDGE('',*,*,#793,.T.);
#251=ORIENTED_EDGE('',*,*,#794,.T.);
#252=ORIENTED_EDGE('',*,*,#795,.F.);
#253=ORIENTED_EDGE('',*,*,#796,.F.);
#254=ORIENTED_EDGE('',*,*,#797,.T.);
#255=ORIENTED_EDGE('',*,*,#792,.T.);
#256=ORIENTED_EDGE('',*,*,#798,.F.);
#257=ORIENTED_EDGE('',*,*,#799,.F.);
#258=ORIENTED_EDGE('',*,*,#800,.T.);
#259=ORIENTED_EDGE('',*,*,#796,.T.);
#260=ORIENTED_EDGE('',*,*,#801,.F.);
#261=ORIENTED_EDGE('',*,*,#794,.F.);
#262=ORIENTED_EDGE('',*,*,#802,.T.);
#263=ORIENTED_EDGE('',*,*,#799,.T.);
#264=ORIENTED_EDGE('',*,*,#793,.F.);
#265=ORIENTED_EDGE('',*,*,#797,.F.);
#266=ORIENTED_EDGE('',*,*,#800,.F.);
#267=ORIENTED_EDGE('',*,*,#802,.F.);
#268=ORIENTED_EDGE('',*,*,#791,.T.);
#269=ORIENTED_EDGE('',*,*,#801,.T.);
#270=ORIENTED_EDGE('',*,*,#798,.T.);
#271=ORIENTED_EDGE('',*,*,#795,.T.);
#272=ORIENTED_EDGE('',*,*,#803,.F.);
#273=ORIENTED_EDGE('',*,*,#804,.F.);
#274=ORIENTED_EDGE('',*,*,#805,.T.);
#275=ORIENTED_EDGE('',*,*,#806,.T.);
#276=ORIENTED_EDGE('',*,*,#807,.T.);
#277=ORIENTED_EDGE('',*,*,#808,.F.);
#278=ORIENTED_EDGE('',*,*,#809,.F.);
#279=ORIENTED_EDGE('',*,*,#804,.T.);
#280=ORIENTED_EDGE('',*,*,#810,.F.);
#281=ORIENTED_EDGE('',*,*,#811,.F.);
#282=ORIENTED_EDGE('',*,*,#812,.T.);
#283=ORIENTED_EDGE('',*,*,#808,.T.);
#284=ORIENTED_EDGE('',*,*,#813,.F.);
#285=ORIENTED_EDGE('',*,*,#814,.F.);
#286=ORIENTED_EDGE('',*,*,#815,.T.);
#287=ORIENTED_EDGE('',*,*,#811,.T.);
#288=ORIENTED_EDGE('',*,*,#816,.F.);
#289=ORIENTED_EDGE('',*,*,#817,.F.);
#290=ORIENTED_EDGE('',*,*,#818,.T.);
#291=ORIENTED_EDGE('',*,*,#814,.T.);
#292=ORIENTED_EDGE('',*,*,#819,.F.);
#293=ORIENTED_EDGE('',*,*,#820,.F.);
#294=ORIENTED_EDGE('',*,*,#821,.T.);
#295=ORIENTED_EDGE('',*,*,#817,.T.);
#296=ORIENTED_EDGE('',*,*,#822,.F.);
#297=ORIENTED_EDGE('',*,*,#823,.F.);
#298=ORIENTED_EDGE('',*,*,#824,.T.);
#299=ORIENTED_EDGE('',*,*,#820,.T.);
#300=ORIENTED_EDGE('',*,*,#825,.F.);
#301=ORIENTED_EDGE('',*,*,#826,.F.);
#302=ORIENTED_EDGE('',*,*,#827,.T.);
#303=ORIENTED_EDGE('',*,*,#823,.T.);
#304=ORIENTED_EDGE('',*,*,#828,.F.);
#305=ORIENTED_EDGE('',*,*,#829,.F.);
#306=ORIENTED_EDGE('',*,*,#830,.T.);
#307=ORIENTED_EDGE('',*,*,#826,.T.);
#308=ORIENTED_EDGE('',*,*,#831,.F.);
#309=ORIENTED_EDGE('',*,*,#832,.F.);
#310=ORIENTED_EDGE('',*,*,#833,.T.);
#311=ORIENTED_EDGE('',*,*,#829,.T.);
#312=ORIENTED_EDGE('',*,*,#834,.F.);
#313=ORIENTED_EDGE('',*,*,#835,.F.);
#314=ORIENTED_EDGE('',*,*,#836,.T.);
#315=ORIENTED_EDGE('',*,*,#832,.T.);
#316=ORIENTED_EDGE('',*,*,#837,.F.);
#317=ORIENTED_EDGE('',*,*,#806,.F.);
#318=ORIENTED_EDGE('',*,*,#838,.T.);
#319=ORIENTED_EDGE('',*,*,#835,.T.);
#320=ORIENTED_EDGE('',*,*,#805,.F.);
#321=ORIENTED_EDGE('',*,*,#809,.T.);
#322=ORIENTED_EDGE('',*,*,#812,.F.);
#323=ORIENTED_EDGE('',*,*,#815,.F.);
#324=ORIENTED_EDGE('',*,*,#818,.F.);
#325=ORIENTED_EDGE('',*,*,#821,.F.);
#326=ORIENTED_EDGE('',*,*,#824,.F.);
#327=ORIENTED_EDGE('',*,*,#827,.F.);
#328=ORIENTED_EDGE('',*,*,#830,.F.);
#329=ORIENTED_EDGE('',*,*,#833,.F.);
#330=ORIENTED_EDGE('',*,*,#836,.F.);
#331=ORIENTED_EDGE('',*,*,#838,.F.);
#332=ORIENTED_EDGE('',*,*,#803,.T.);
#333=ORIENTED_EDGE('',*,*,#837,.T.);
#334=ORIENTED_EDGE('',*,*,#834,.T.);
#335=ORIENTED_EDGE('',*,*,#831,.T.);
#336=ORIENTED_EDGE('',*,*,#828,.T.);
#337=ORIENTED_EDGE('',*,*,#825,.T.);
#338=ORIENTED_EDGE('',*,*,#822,.T.);
#339=ORIENTED_EDGE('',*,*,#819,.T.);
#340=ORIENTED_EDGE('',*,*,#816,.T.);
#341=ORIENTED_EDGE('',*,*,#813,.T.);
#342=ORIENTED_EDGE('',*,*,#810,.T.);
#343=ORIENTED_EDGE('',*,*,#807,.F.);
#344=ORIENTED_EDGE('',*,*,#839,.T.);
#345=ORIENTED_EDGE('',*,*,#840,.F.);
#346=ORIENTED_EDGE('',*,*,#841,.F.);
#347=ORIENTED_EDGE('',*,*,#842,.T.);
#348=ORIENTED_EDGE('',*,*,#843,.T.);
#349=ORIENTED_EDGE('',*,*,#844,.F.);
#350=ORIENTED_EDGE('',*,*,#845,.F.);
#351=ORIENTED_EDGE('',*,*,#840,.T.);
#352=ORIENTED_EDGE('',*,*,#846,.F.);
#353=ORIENTED_EDGE('',*,*,#847,.F.);
#354=ORIENTED_EDGE('',*,*,#848,.T.);
#355=ORIENTED_EDGE('',*,*,#844,.T.);
#356=ORIENTED_EDGE('',*,*,#849,.F.);
#357=ORIENTED_EDGE('',*,*,#850,.F.);
#358=ORIENTED_EDGE('',*,*,#851,.T.);
#359=ORIENTED_EDGE('',*,*,#847,.T.);
#360=ORIENTED_EDGE('',*,*,#852,.F.);
#361=ORIENTED_EDGE('',*,*,#853,.F.);
#362=ORIENTED_EDGE('',*,*,#854,.T.);
#363=ORIENTED_EDGE('',*,*,#850,.T.);
#364=ORIENTED_EDGE('',*,*,#855,.F.);
#365=ORIENTED_EDGE('',*,*,#856,.F.);
#366=ORIENTED_EDGE('',*,*,#857,.T.);
#367=ORIENTED_EDGE('',*,*,#858,.T.);
#368=ORIENTED_EDGE('',*,*,#859,.F.);
#369=ORIENTED_EDGE('',*,*,#860,.F.);
#370=ORIENTED_EDGE('',*,*,#861,.T.);
#371=ORIENTED_EDGE('',*,*,#856,.T.);
#372=ORIENTED_EDGE('',*,*,#862,.F.);
#373=ORIENTED_EDGE('',*,*,#863,.F.);
#374=ORIENTED_EDGE('',*,*,#864,.T.);
#375=ORIENTED_EDGE('',*,*,#860,.T.);
#376=ORIENTED_EDGE('',*,*,#865,.F.);
#377=ORIENTED_EDGE('',*,*,#858,.F.);
#378=ORIENTED_EDGE('',*,*,#866,.T.);
#379=ORIENTED_EDGE('',*,*,#863,.T.);
#380=ORIENTED_EDGE('',*,*,#867,.F.);
#381=ORIENTED_EDGE('',*,*,#842,.F.);
#382=ORIENTED_EDGE('',*,*,#868,.T.);
#383=ORIENTED_EDGE('',*,*,#853,.T.);
#384=ORIENTED_EDGE('',*,*,#857,.F.);
#385=ORIENTED_EDGE('',*,*,#861,.F.);
#386=ORIENTED_EDGE('',*,*,#864,.F.);
#387=ORIENTED_EDGE('',*,*,#866,.F.);
#388=ORIENTED_EDGE('',*,*,#841,.T.);
#389=ORIENTED_EDGE('',*,*,#845,.T.);
#390=ORIENTED_EDGE('',*,*,#848,.F.);
#391=ORIENTED_EDGE('',*,*,#851,.F.);
#392=ORIENTED_EDGE('',*,*,#854,.F.);
#393=ORIENTED_EDGE('',*,*,#868,.F.);
#394=ORIENTED_EDGE('',*,*,#855,.T.);
#395=ORIENTED_EDGE('',*,*,#865,.T.);
#396=ORIENTED_EDGE('',*,*,#862,.T.);
#397=ORIENTED_EDGE('',*,*,#859,.T.);
#398=ORIENTED_EDGE('',*,*,#839,.F.);
#399=ORIENTED_EDGE('',*,*,#867,.T.);
#400=ORIENTED_EDGE('',*,*,#852,.T.);
#401=ORIENTED_EDGE('',*,*,#849,.T.);
#402=ORIENTED_EDGE('',*,*,#846,.T.);
#403=ORIENTED_EDGE('',*,*,#843,.F.);
#404=ORIENTED_EDGE('',*,*,#869,.F.);
#405=ORIENTED_EDGE('',*,*,#870,.F.);
#406=ORIENTED_EDGE('',*,*,#871,.T.);
#407=ORIENTED_EDGE('',*,*,#872,.T.);
#408=ORIENTED_EDGE('',*,*,#873,.T.);
#409=ORIENTED_EDGE('',*,*,#874,.F.);
#410=ORIENTED_EDGE('',*,*,#875,.F.);
#411=ORIENTED_EDGE('',*,*,#870,.T.);
#412=ORIENTED_EDGE('',*,*,#876,.T.);
#413=ORIENTED_EDGE('',*,*,#877,.F.);
#414=ORIENTED_EDGE('',*,*,#878,.F.);
#415=ORIENTED_EDGE('',*,*,#874,.T.);
#416=ORIENTED_EDGE('',*,*,#879,.T.);
#417=ORIENTED_EDGE('',*,*,#880,.F.);
#418=ORIENTED_EDGE('',*,*,#881,.F.);
#419=ORIENTED_EDGE('',*,*,#877,.T.);
#420=ORIENTED_EDGE('',*,*,#882,.F.);
#421=ORIENTED_EDGE('',*,*,#883,.F.);
#422=ORIENTED_EDGE('',*,*,#884,.T.);
#423=ORIENTED_EDGE('',*,*,#880,.T.);
#424=ORIENTED_EDGE('',*,*,#885,.T.);
#425=ORIENTED_EDGE('',*,*,#886,.F.);
#426=ORIENTED_EDGE('',*,*,#887,.F.);
#427=ORIENTED_EDGE('',*,*,#883,.T.);
#428=ORIENTED_EDGE('',*,*,#888,.T.);
#429=ORIENTED_EDGE('',*,*,#889,.F.);
#430=ORIENTED_EDGE('',*,*,#890,.F.);
#431=ORIENTED_EDGE('',*,*,#886,.T.);
#432=ORIENTED_EDGE('',*,*,#891,.F.);
#433=ORIENTED_EDGE('',*,*,#892,.F.);
#434=ORIENTED_EDGE('',*,*,#893,.T.);
#435=ORIENTED_EDGE('',*,*,#894,.T.);
#436=ORIENTED_EDGE('',*,*,#895,.F.);
#437=ORIENTED_EDGE('',*,*,#896,.F.);
#438=ORIENTED_EDGE('',*,*,#897,.T.);
#439=ORIENTED_EDGE('',*,*,#892,.T.);
#440=ORIENTED_EDGE('',*,*,#898,.F.);
#441=ORIENTED_EDGE('',*,*,#899,.F.);
#442=ORIENTED_EDGE('',*,*,#900,.T.);
#443=ORIENTED_EDGE('',*,*,#896,.T.);
#444=ORIENTED_EDGE('',*,*,#901,.F.);
#445=ORIENTED_EDGE('',*,*,#902,.F.);
#446=ORIENTED_EDGE('',*,*,#903,.T.);
#447=ORIENTED_EDGE('',*,*,#899,.T.);
#448=ORIENTED_EDGE('',*,*,#904,.F.);
#449=ORIENTED_EDGE('',*,*,#905,.F.);
#450=ORIENTED_EDGE('',*,*,#906,.T.);
#451=ORIENTED_EDGE('',*,*,#902,.T.);
#452=ORIENTED_EDGE('',*,*,#907,.F.);
#453=ORIENTED_EDGE('',*,*,#908,.F.);
#454=ORIENTED_EDGE('',*,*,#909,.T.);
#455=ORIENTED_EDGE('',*,*,#905,.T.);
#456=ORIENTED_EDGE('',*,*,#910,.F.);
#457=ORIENTED_EDGE('',*,*,#911,.F.);
#458=ORIENTED_EDGE('',*,*,#912,.T.);
#459=ORIENTED_EDGE('',*,*,#908,.T.);
#460=ORIENTED_EDGE('',*,*,#913,.F.);
#461=ORIENTED_EDGE('',*,*,#914,.F.);
#462=ORIENTED_EDGE('',*,*,#915,.T.);
#463=ORIENTED_EDGE('',*,*,#911,.T.);
#464=ORIENTED_EDGE('',*,*,#916,.F.);
#465=ORIENTED_EDGE('',*,*,#917,.F.);
#466=ORIENTED_EDGE('',*,*,#918,.T.);
#467=ORIENTED_EDGE('',*,*,#914,.T.);
#468=ORIENTED_EDGE('',*,*,#919,.F.);
#469=ORIENTED_EDGE('',*,*,#920,.F.);
#470=ORIENTED_EDGE('',*,*,#921,.T.);
#471=ORIENTED_EDGE('',*,*,#917,.T.);
#472=ORIENTED_EDGE('',*,*,#922,.F.);
#473=ORIENTED_EDGE('',*,*,#923,.F.);
#474=ORIENTED_EDGE('',*,*,#924,.T.);
#475=ORIENTED_EDGE('',*,*,#920,.T.);
#476=ORIENTED_EDGE('',*,*,#925,.F.);
#477=ORIENTED_EDGE('',*,*,#926,.F.);
#478=ORIENTED_EDGE('',*,*,#927,.T.);
#479=ORIENTED_EDGE('',*,*,#928,.T.);
#480=ORIENTED_EDGE('',*,*,#929,.F.);
#481=ORIENTED_EDGE('',*,*,#930,.F.);
#482=ORIENTED_EDGE('',*,*,#931,.T.);
#483=ORIENTED_EDGE('',*,*,#926,.T.);
#484=ORIENTED_EDGE('',*,*,#932,.F.);
#485=ORIENTED_EDGE('',*,*,#933,.F.);
#486=ORIENTED_EDGE('',*,*,#934,.T.);
#487=ORIENTED_EDGE('',*,*,#930,.T.);
#488=ORIENTED_EDGE('',*,*,#935,.F.);
#489=ORIENTED_EDGE('',*,*,#936,.F.);
#490=ORIENTED_EDGE('',*,*,#937,.T.);
#491=ORIENTED_EDGE('',*,*,#938,.T.);
#492=ORIENTED_EDGE('',*,*,#939,.F.);
#493=ORIENTED_EDGE('',*,*,#940,.F.);
#494=ORIENTED_EDGE('',*,*,#941,.T.);
#495=ORIENTED_EDGE('',*,*,#936,.T.);
#496=ORIENTED_EDGE('',*,*,#942,.F.);
#497=ORIENTED_EDGE('',*,*,#943,.F.);
#498=ORIENTED_EDGE('',*,*,#944,.T.);
#499=ORIENTED_EDGE('',*,*,#940,.T.);
#500=ORIENTED_EDGE('',*,*,#945,.F.);
#501=ORIENTED_EDGE('',*,*,#894,.F.);
#502=ORIENTED_EDGE('',*,*,#946,.T.);
#503=ORIENTED_EDGE('',*,*,#923,.T.);
#504=ORIENTED_EDGE('',*,*,#947,.F.);
#505=ORIENTED_EDGE('',*,*,#928,.F.);
#506=ORIENTED_EDGE('',*,*,#948,.T.);
#507=ORIENTED_EDGE('',*,*,#933,.T.);
#508=ORIENTED_EDGE('',*,*,#949,.F.);
#509=ORIENTED_EDGE('',*,*,#938,.F.);
#510=ORIENTED_EDGE('',*,*,#950,.T.);
#511=ORIENTED_EDGE('',*,*,#943,.T.);
#512=ORIENTED_EDGE('',*,*,#951,.T.);
#513=ORIENTED_EDGE('',*,*,#872,.F.);
#514=ORIENTED_EDGE('',*,*,#952,.F.);
#515=ORIENTED_EDGE('',*,*,#889,.T.);
#516=ORIENTED_EDGE('',*,*,#937,.F.);
#517=ORIENTED_EDGE('',*,*,#941,.F.);
#518=ORIENTED_EDGE('',*,*,#944,.F.);
#519=ORIENTED_EDGE('',*,*,#950,.F.);
#520=ORIENTED_EDGE('',*,*,#927,.F.);
#521=ORIENTED_EDGE('',*,*,#931,.F.);
#522=ORIENTED_EDGE('',*,*,#934,.F.);
#523=ORIENTED_EDGE('',*,*,#948,.F.);
#524=ORIENTED_EDGE('',*,*,#893,.F.);
#525=ORIENTED_EDGE('',*,*,#897,.F.);
#526=ORIENTED_EDGE('',*,*,#900,.F.);
#527=ORIENTED_EDGE('',*,*,#903,.F.);
#528=ORIENTED_EDGE('',*,*,#906,.F.);
#529=ORIENTED_EDGE('',*,*,#909,.F.);
#530=ORIENTED_EDGE('',*,*,#912,.F.);
#531=ORIENTED_EDGE('',*,*,#915,.F.);
#532=ORIENTED_EDGE('',*,*,#918,.F.);
#533=ORIENTED_EDGE('',*,*,#921,.F.);
#534=ORIENTED_EDGE('',*,*,#924,.F.);
#535=ORIENTED_EDGE('',*,*,#946,.F.);
#536=ORIENTED_EDGE('',*,*,#871,.F.);
#537=ORIENTED_EDGE('',*,*,#875,.T.);
#538=ORIENTED_EDGE('',*,*,#878,.T.);
#539=ORIENTED_EDGE('',*,*,#881,.T.);
#540=ORIENTED_EDGE('',*,*,#884,.F.);
#541=ORIENTED_EDGE('',*,*,#887,.T.);
#542=ORIENTED_EDGE('',*,*,#890,.T.);
#543=ORIENTED_EDGE('',*,*,#952,.T.);
#544=ORIENTED_EDGE('',*,*,#935,.T.);
#545=ORIENTED_EDGE('',*,*,#949,.T.);
#546=ORIENTED_EDGE('',*,*,#942,.T.);
#547=ORIENTED_EDGE('',*,*,#939,.T.);
#548=ORIENTED_EDGE('',*,*,#925,.T.);
#549=ORIENTED_EDGE('',*,*,#947,.T.);
#550=ORIENTED_EDGE('',*,*,#932,.T.);
#551=ORIENTED_EDGE('',*,*,#929,.T.);
#552=ORIENTED_EDGE('',*,*,#891,.T.);
#553=ORIENTED_EDGE('',*,*,#945,.T.);
#554=ORIENTED_EDGE('',*,*,#922,.T.);
#555=ORIENTED_EDGE('',*,*,#919,.T.);
#556=ORIENTED_EDGE('',*,*,#916,.T.);
#557=ORIENTED_EDGE('',*,*,#913,.T.);
#558=ORIENTED_EDGE('',*,*,#910,.T.);
#559=ORIENTED_EDGE('',*,*,#907,.T.);
#560=ORIENTED_EDGE('',*,*,#904,.T.);
#561=ORIENTED_EDGE('',*,*,#901,.T.);
#562=ORIENTED_EDGE('',*,*,#898,.T.);
#563=ORIENTED_EDGE('',*,*,#895,.T.);
#564=ORIENTED_EDGE('',*,*,#869,.T.);
#565=ORIENTED_EDGE('',*,*,#951,.F.);
#566=ORIENTED_EDGE('',*,*,#888,.F.);
#567=ORIENTED_EDGE('',*,*,#885,.F.);
#568=ORIENTED_EDGE('',*,*,#882,.T.);
#569=ORIENTED_EDGE('',*,*,#879,.F.);
#570=ORIENTED_EDGE('',*,*,#876,.F.);
#571=ORIENTED_EDGE('',*,*,#873,.F.);
#572=ORIENTED_EDGE('',*,*,#953,.F.);
#573=ORIENTED_EDGE('',*,*,#954,.F.);
#574=ORIENTED_EDGE('',*,*,#955,.T.);
#575=ORIENTED_EDGE('',*,*,#956,.T.);
#576=ORIENTED_EDGE('',*,*,#957,.F.);
#577=ORIENTED_EDGE('',*,*,#958,.F.);
#578=ORIENTED_EDGE('',*,*,#959,.T.);
#579=ORIENTED_EDGE('',*,*,#954,.T.);
#580=ORIENTED_EDGE('',*,*,#960,.F.);
#581=ORIENTED_EDGE('',*,*,#961,.F.);
#582=ORIENTED_EDGE('',*,*,#962,.T.);
#583=ORIENTED_EDGE('',*,*,#958,.T.);
#584=ORIENTED_EDGE('',*,*,#963,.F.);
#585=ORIENTED_EDGE('',*,*,#964,.F.);
#586=ORIENTED_EDGE('',*,*,#965,.T.);
#587=ORIENTED_EDGE('',*,*,#966,.T.);
#588=ORIENTED_EDGE('',*,*,#967,.F.);
#589=ORIENTED_EDGE('',*,*,#968,.F.);
#590=ORIENTED_EDGE('',*,*,#969,.T.);
#591=ORIENTED_EDGE('',*,*,#964,.T.);
#592=ORIENTED_EDGE('',*,*,#970,.F.);
#593=ORIENTED_EDGE('',*,*,#971,.F.);
#594=ORIENTED_EDGE('',*,*,#972,.T.);
#595=ORIENTED_EDGE('',*,*,#968,.T.);
#596=ORIENTED_EDGE('',*,*,#973,.F.);
#597=ORIENTED_EDGE('',*,*,#974,.F.);
#598=ORIENTED_EDGE('',*,*,#975,.T.);
#599=ORIENTED_EDGE('',*,*,#971,.T.);
#600=ORIENTED_EDGE('',*,*,#976,.F.);
#601=ORIENTED_EDGE('',*,*,#977,.F.);
#602=ORIENTED_EDGE('',*,*,#978,.T.);
#603=ORIENTED_EDGE('',*,*,#974,.T.);
#604=ORIENTED_EDGE('',*,*,#979,.F.);
#605=ORIENTED_EDGE('',*,*,#980,.F.);
#606=ORIENTED_EDGE('',*,*,#981,.T.);
#607=ORIENTED_EDGE('',*,*,#977,.T.);
#608=ORIENTED_EDGE('',*,*,#982,.F.);
#609=ORIENTED_EDGE('',*,*,#983,.F.);
#610=ORIENTED_EDGE('',*,*,#984,.T.);
#611=ORIENTED_EDGE('',*,*,#980,.T.);
#612=ORIENTED_EDGE('',*,*,#985,.F.);
#613=ORIENTED_EDGE('',*,*,#966,.F.);
#614=ORIENTED_EDGE('',*,*,#986,.T.);
#615=ORIENTED_EDGE('',*,*,#983,.T.);
#616=ORIENTED_EDGE('',*,*,#987,.F.);
#617=ORIENTED_EDGE('',*,*,#956,.F.);
#618=ORIENTED_EDGE('',*,*,#988,.T.);
#619=ORIENTED_EDGE('',*,*,#961,.T.);
#620=ORIENTED_EDGE('',*,*,#965,.F.);
#621=ORIENTED_EDGE('',*,*,#969,.F.);
#622=ORIENTED_EDGE('',*,*,#972,.F.);
#623=ORIENTED_EDGE('',*,*,#975,.F.);
#624=ORIENTED_EDGE('',*,*,#978,.F.);
#625=ORIENTED_EDGE('',*,*,#981,.F.);
#626=ORIENTED_EDGE('',*,*,#984,.F.);
#627=ORIENTED_EDGE('',*,*,#986,.F.);
#628=ORIENTED_EDGE('',*,*,#955,.F.);
#629=ORIENTED_EDGE('',*,*,#959,.F.);
#630=ORIENTED_EDGE('',*,*,#962,.F.);
#631=ORIENTED_EDGE('',*,*,#988,.F.);
#632=ORIENTED_EDGE('',*,*,#963,.T.);
#633=ORIENTED_EDGE('',*,*,#985,.T.);
#634=ORIENTED_EDGE('',*,*,#982,.T.);
#635=ORIENTED_EDGE('',*,*,#979,.T.);
#636=ORIENTED_EDGE('',*,*,#976,.T.);
#637=ORIENTED_EDGE('',*,*,#973,.T.);
#638=ORIENTED_EDGE('',*,*,#970,.T.);
#639=ORIENTED_EDGE('',*,*,#967,.T.);
#640=ORIENTED_EDGE('',*,*,#953,.T.);
#641=ORIENTED_EDGE('',*,*,#987,.T.);
#642=ORIENTED_EDGE('',*,*,#960,.T.);
#643=ORIENTED_EDGE('',*,*,#957,.T.);
#644=ORIENTED_EDGE('',*,*,#989,.F.);
#645=ORIENTED_EDGE('',*,*,#990,.F.);
#646=ORIENTED_EDGE('',*,*,#991,.T.);
#647=ORIENTED_EDGE('',*,*,#992,.T.);
#648=ORIENTED_EDGE('',*,*,#993,.T.);
#649=ORIENTED_EDGE('',*,*,#994,.F.);
#650=ORIENTED_EDGE('',*,*,#995,.F.);
#651=ORIENTED_EDGE('',*,*,#990,.T.);
#652=ORIENTED_EDGE('',*,*,#996,.T.);
#653=ORIENTED_EDGE('',*,*,#997,.F.);
#654=ORIENTED_EDGE('',*,*,#998,.F.);
#655=ORIENTED_EDGE('',*,*,#994,.T.);
#656=ORIENTED_EDGE('',*,*,#999,.T.);
#657=ORIENTED_EDGE('',*,*,#1000,.F.);
#658=ORIENTED_EDGE('',*,*,#1001,.F.);
#659=ORIENTED_EDGE('',*,*,#997,.T.);
#660=ORIENTED_EDGE('',*,*,#1002,.T.);
#661=ORIENTED_EDGE('',*,*,#1003,.F.);
#662=ORIENTED_EDGE('',*,*,#1004,.F.);
#663=ORIENTED_EDGE('',*,*,#1000,.T.);
#664=ORIENTED_EDGE('',*,*,#1005,.F.);
#665=ORIENTED_EDGE('',*,*,#992,.F.);
#666=ORIENTED_EDGE('',*,*,#1006,.T.);
#667=ORIENTED_EDGE('',*,*,#1003,.T.);
#668=ORIENTED_EDGE('',*,*,#991,.F.);
#669=ORIENTED_EDGE('',*,*,#995,.T.);
#670=ORIENTED_EDGE('',*,*,#998,.T.);
#671=ORIENTED_EDGE('',*,*,#1001,.T.);
#672=ORIENTED_EDGE('',*,*,#1004,.T.);
#673=ORIENTED_EDGE('',*,*,#1006,.F.);
#674=ORIENTED_EDGE('',*,*,#989,.T.);
#675=ORIENTED_EDGE('',*,*,#1005,.T.);
#676=ORIENTED_EDGE('',*,*,#1002,.F.);
#677=ORIENTED_EDGE('',*,*,#999,.F.);
#678=ORIENTED_EDGE('',*,*,#996,.F.);
#679=ORIENTED_EDGE('',*,*,#993,.F.);
#680=EDGE_CURVE('',#1007,#1008,#1225,.T.);
#681=EDGE_CURVE('',#1009,#1007,#1226,.T.);
#682=EDGE_CURVE('',#1009,#1010,#1227,.T.);
#683=EDGE_CURVE('',#1010,#1008,#1228,.T.);
#684=EDGE_CURVE('',#1011,#1007,#1229,.T.);
#685=EDGE_CURVE('',#1012,#1011,#1230,.T.);
#686=EDGE_CURVE('',#1012,#1009,#1231,.T.);
#687=EDGE_CURVE('',#1013,#1011,#1232,.T.);
#688=EDGE_CURVE('',#1014,#1013,#1233,.T.);
#689=EDGE_CURVE('',#1014,#1012,#1234,.T.);
#690=EDGE_CURVE('',#1015,#1013,#1235,.T.);
#691=EDGE_CURVE('',#1016,#1015,#1236,.T.);
#692=EDGE_CURVE('',#1016,#1014,#1237,.T.);
#693=EDGE_CURVE('',#1017,#1015,#1238,.T.);
#694=EDGE_CURVE('',#1018,#1017,#1239,.T.);
#695=EDGE_CURVE('',#1018,#1016,#1240,.T.);
#696=EDGE_CURVE('',#1019,#1017,#1241,.T.);
#697=EDGE_CURVE('',#1020,#1019,#1242,.T.);
#698=EDGE_CURVE('',#1020,#1018,#1243,.T.);
#699=EDGE_CURVE('',#1021,#1019,#1244,.T.);
#700=EDGE_CURVE('',#1022,#1021,#1245,.T.);
#701=EDGE_CURVE('',#1022,#1020,#1246,.T.);
#702=EDGE_CURVE('',#1023,#1021,#1247,.T.);
#703=EDGE_CURVE('',#1024,#1023,#1248,.T.);
#704=EDGE_CURVE('',#1024,#1022,#1249,.T.);
#705=EDGE_CURVE('',#1025,#1023,#1250,.T.);
#706=EDGE_CURVE('',#1026,#1025,#1251,.T.);
#707=EDGE_CURVE('',#1026,#1024,#1252,.T.);
#708=EDGE_CURVE('',#1027,#1025,#1253,.T.);
#709=EDGE_CURVE('',#1028,#1027,#1254,.T.);
#710=EDGE_CURVE('',#1028,#1026,#1255,.T.);
#711=EDGE_CURVE('',#1029,#1027,#1256,.T.);
#712=EDGE_CURVE('',#1030,#1029,#1257,.T.);
#713=EDGE_CURVE('',#1030,#1028,#1258,.T.);
#714=EDGE_CURVE('',#1031,#1029,#1259,.T.);
#715=EDGE_CURVE('',#1032,#1031,#1260,.T.);
#716=EDGE_CURVE('',#1032,#1030,#1261,.T.);
#717=EDGE_CURVE('',#1031,#1033,#1262,.T.);
#718=EDGE_CURVE('',#1034,#1033,#1263,.T.);
#719=EDGE_CURVE('',#1032,#1034,#1264,.T.);
#720=EDGE_CURVE('',#1033,#1035,#1265,.T.);
#721=EDGE_CURVE('',#1036,#1035,#1266,.T.);
#722=EDGE_CURVE('',#1034,#1036,#1267,.T.);
#723=EDGE_CURVE('',#1037,#1035,#1268,.T.);
#724=EDGE_CURVE('',#1038,#1037,#1269,.T.);
#725=EDGE_CURVE('',#1038,#1036,#1270,.T.);
#726=EDGE_CURVE('',#1039,#1037,#1271,.T.);
#727=EDGE_CURVE('',#1040,#1039,#1272,.T.);
#728=EDGE_CURVE('',#1040,#1038,#1273,.T.);
#729=EDGE_CURVE('',#1008,#1039,#1274,.T.);
#730=EDGE_CURVE('',#1010,#1040,#1275,.T.);
#731=EDGE_CURVE('',#1041,#1042,#1276,.T.);
#732=EDGE_CURVE('',#1043,#1041,#1277,.T.);
#733=EDGE_CURVE('',#1043,#1044,#1278,.T.);
#734=EDGE_CURVE('',#1044,#1042,#1279,.T.);
#735=EDGE_CURVE('',#1045,#1041,#1280,.T.);
#736=EDGE_CURVE('',#1046,#1045,#1281,.T.);
#737=EDGE_CURVE('',#1046,#1043,#1282,.T.);
#738=EDGE_CURVE('',#1047,#1045,#1283,.T.);
#739=EDGE_CURVE('',#1048,#1047,#1284,.T.);
#740=EDGE_CURVE('',#1048,#1046,#1285,.T.);
#741=EDGE_CURVE('',#1049,#1047,#1286,.T.);
#742=EDGE_CURVE('',#1050,#1049,#1287,.T.);
#743=EDGE_CURVE('',#1050,#1048,#1288,.T.);
#744=EDGE_CURVE('',#1051,#1049,#1289,.T.);
#745=EDGE_CURVE('',#1052,#1051,#1290,.T.);
#746=EDGE_CURVE('',#1052,#1050,#1291,.T.);
#747=EDGE_CURVE('',#1053,#1051,#1292,.T.);
#748=EDGE_CURVE('',#1054,#1053,#1293,.T.);
#749=EDGE_CURVE('',#1054,#1052,#1294,.T.);
#750=EDGE_CURVE('',#1055,#1053,#1295,.T.);
#751=EDGE_CURVE('',#1056,#1055,#1296,.T.);
#752=EDGE_CURVE('',#1056,#1054,#1297,.T.);
#753=EDGE_CURVE('',#1057,#1055,#1298,.T.);
#754=EDGE_CURVE('',#1058,#1057,#1299,.T.);
#755=EDGE_CURVE('',#1058,#1056,#1300,.T.);
#756=EDGE_CURVE('',#1059,#1057,#1301,.T.);
#757=EDGE_CURVE('',#1060,#1059,#1302,.T.);
#758=EDGE_CURVE('',#1060,#1058,#1303,.T.);
#759=EDGE_CURVE('',#1061,#1059,#1304,.T.);
#760=EDGE_CURVE('',#1062,#1061,#1305,.T.);
#761=EDGE_CURVE('',#1062,#1060,#1306,.T.);
#762=EDGE_CURVE('',#1063,#1061,#1307,.T.);
#763=EDGE_CURVE('',#1064,#1063,#1308,.T.);
#764=EDGE_CURVE('',#1064,#1062,#1309,.T.);
#765=EDGE_CURVE('',#1065,#1063,#1310,.T.);
#766=EDGE_CURVE('',#1066,#1065,#1311,.T.);
#767=EDGE_CURVE('',#1066,#1064,#1312,.T.);
#768=EDGE_CURVE('',#1067,#1065,#1313,.T.);
#769=EDGE_CURVE('',#1068,#1067,#1314,.T.);
#770=EDGE_CURVE('',#1068,#1066,#1315,.T.);
#771=EDGE_CURVE('',#1069,#1067,#1316,.T.);
#772=EDGE_CURVE('',#1070,#1069,#1317,.T.);
#773=EDGE_CURVE('',#1070,#1068,#1318,.T.);
#774=EDGE_CURVE('',#1071,#1069,#1319,.T.);
#775=EDGE_CURVE('',#1072,#1071,#1320,.T.);
#776=EDGE_CURVE('',#1072,#1070,#1321,.T.);
#777=EDGE_CURVE('',#1073,#1071,#1322,.T.);
#778=EDGE_CURVE('',#1074,#1073,#1323,.T.);
#779=EDGE_CURVE('',#1074,#1072,#1324,.T.);
#780=EDGE_CURVE('',#1075,#1073,#1325,.T.);
#781=EDGE_CURVE('',#1076,#1075,#1326,.T.);
#782=EDGE_CURVE('',#1076,#1074,#1327,.T.);
#783=EDGE_CURVE('',#1077,#1075,#1328,.T.);
#784=EDGE_CURVE('',#1078,#1077,#1329,.T.);
#785=EDGE_CURVE('',#1078,#1076,#1330,.T.);
#786=EDGE_CURVE('',#1079,#1077,#1331,.T.);
#787=EDGE_CURVE('',#1080,#1079,#1332,.T.);
#788=EDGE_CURVE('',#1080,#1078,#1333,.T.);
#789=EDGE_CURVE('',#1042,#1079,#1334,.T.);
#790=EDGE_CURVE('',#1044,#1080,#1335,.T.);
#791=EDGE_CURVE('',#1081,#1082,#1336,.T.);
#792=EDGE_CURVE('',#1083,#1081,#1337,.T.);
#793=EDGE_CURVE('',#1083,#1084,#1338,.T.);
#794=EDGE_CURVE('',#1084,#1082,#1339,.T.);
#795=EDGE_CURVE('',#1085,#1081,#1340,.T.);
#796=EDGE_CURVE('',#1086,#1085,#1341,.T.);
#797=EDGE_CURVE('',#1086,#1083,#1342,.T.);
#798=EDGE_CURVE('',#1087,#1085,#1343,.T.);
#799=EDGE_CURVE('',#1088,#1087,#1344,.T.);
#800=EDGE_CURVE('',#1088,#1086,#1345,.T.);
#801=EDGE_CURVE('',#1082,#1087,#1346,.T.);
#802=EDGE_CURVE('',#1084,#1088,#1347,.T.);
#803=EDGE_CURVE('',#1089,#1090,#1348,.T.);
#804=EDGE_CURVE('',#1091,#1089,#1349,.T.);
#805=EDGE_CURVE('',#1091,#1092,#1350,.T.);
#806=EDGE_CURVE('',#1092,#1090,#1351,.T.);
#807=EDGE_CURVE('',#1089,#1093,#1352,.T.);
#808=EDGE_CURVE('',#1094,#1093,#1353,.T.);
#809=EDGE_CURVE('',#1091,#1094,#1354,.T.);
#810=EDGE_CURVE('',#1095,#1093,#1355,.T.);
#811=EDGE_CURVE('',#1096,#1095,#1356,.T.);
#812=EDGE_CURVE('',#1096,#1094,#1357,.T.);
#813=EDGE_CURVE('',#1097,#1095,#1358,.T.);
#814=EDGE_CURVE('',#1098,#1097,#1359,.T.);
#815=EDGE_CURVE('',#1098,#1096,#1360,.T.);
#816=EDGE_CURVE('',#1099,#1097,#1361,.T.);
#817=EDGE_CURVE('',#1100,#1099,#1362,.T.);
#818=EDGE_CURVE('',#1100,#1098,#1363,.T.);
#819=EDGE_CURVE('',#1101,#1099,#1364,.T.);
#820=EDGE_CURVE('',#1102,#1101,#1365,.T.);
#821=EDGE_CURVE('',#1102,#1100,#1366,.T.);
#822=EDGE_CURVE('',#1103,#1101,#1367,.T.);
#823=EDGE_CURVE('',#1104,#1103,#1368,.T.);
#824=EDGE_CURVE('',#1104,#1102,#1369,.T.);
#825=EDGE_CURVE('',#1105,#1103,#1370,.T.);
#826=EDGE_CURVE('',#1106,#1105,#1371,.T.);
#827=EDGE_CURVE('',#1106,#1104,#1372,.T.);
#828=EDGE_CURVE('',#1107,#1105,#1373,.T.);
#829=EDGE_CURVE('',#1108,#1107,#1374,.T.);
#830=EDGE_CURVE('',#1108,#1106,#1375,.T.);
#831=EDGE_CURVE('',#1109,#1107,#1376,.T.);
#832=EDGE_CURVE('',#1110,#1109,#1377,.T.);
#833=EDGE_CURVE('',#1110,#1108,#1378,.T.);
#834=EDGE_CURVE('',#1111,#1109,#1379,.T.);
#835=EDGE_CURVE('',#1112,#1111,#1380,.T.);
#836=EDGE_CURVE('',#1112,#1110,#1381,.T.);
#837=EDGE_CURVE('',#1090,#1111,#1382,.T.);
#838=EDGE_CURVE('',#1092,#1112,#1383,.T.);
#839=EDGE_CURVE('',#1113,#1114,#1384,.T.);
#840=EDGE_CURVE('',#1115,#1114,#1385,.T.);
#841=EDGE_CURVE('',#1116,#1115,#1386,.T.);
#842=EDGE_CURVE('',#1116,#1113,#1387,.T.);
#843=EDGE_CURVE('',#1114,#1117,#1388,.T.);
#844=EDGE_CURVE('',#1118,#1117,#1389,.T.);
#845=EDGE_CURVE('',#1115,#1118,#1390,.T.);
#846=EDGE_CURVE('',#1119,#1117,#1391,.T.);
#847=EDGE_CURVE('',#1120,#1119,#1392,.T.);
#848=EDGE_CURVE('',#1120,#1118,#1393,.T.);
#849=EDGE_CURVE('',#1121,#1119,#1394,.T.);
#850=EDGE_CURVE('',#1122,#1121,#1395,.T.);
#851=EDGE_CURVE('',#1122,#1120,#1396,.T.);
#852=EDGE_CURVE('',#1123,#1121,#1397,.T.);
#853=EDGE_CURVE('',#1124,#1123,#1398,.T.);
#854=EDGE_CURVE('',#1124,#1122,#1399,.T.);
#855=EDGE_CURVE('',#1125,#1126,#1400,.T.);
#856=EDGE_CURVE('',#1127,#1125,#1401,.T.);
#857=EDGE_CURVE('',#1127,#1128,#1402,.T.);
#858=EDGE_CURVE('',#1128,#1126,#1403,.T.);
#859=EDGE_CURVE('',#1129,#1125,#1404,.T.);
#860=EDGE_CURVE('',#1130,#1129,#1405,.T.);
#861=EDGE_CURVE('',#1130,#1127,#1406,.T.);
#862=EDGE_CURVE('',#1131,#1129,#1407,.T.);
#863=EDGE_CURVE('',#1132,#1131,#1408,.T.);
#864=EDGE_CURVE('',#1132,#1130,#1409,.T.);
#865=EDGE_CURVE('',#1126,#1131,#1410,.T.);
#866=EDGE_CURVE('',#1128,#1132,#1411,.T.);
#867=EDGE_CURVE('',#1113,#1123,#1412,.T.);
#868=EDGE_CURVE('',#1116,#1124,#1413,.T.);
#869=EDGE_CURVE('',#1133,#1134,#1414,.T.);
#870=EDGE_CURVE('',#1135,#1133,#1415,.T.);
#871=EDGE_CURVE('',#1135,#1136,#1416,.T.);
#872=EDGE_CURVE('',#1136,#1134,#1417,.T.);
#873=EDGE_CURVE('',#1133,#1137,#1418,.T.);
#874=EDGE_CURVE('',#1138,#1137,#1419,.T.);
#875=EDGE_CURVE('',#1135,#1138,#1420,.T.);
#876=EDGE_CURVE('',#1137,#1139,#1421,.T.);
#877=EDGE_CURVE('',#1140,#1139,#1422,.T.);
#878=EDGE_CURVE('',#1138,#1140,#1423,.T.);
#879=EDGE_CURVE('',#1139,#1141,#1424,.T.);
#880=EDGE_CURVE('',#1142,#1141,#1425,.T.);
#881=EDGE_CURVE('',#1140,#1142,#1426,.T.);
#882=EDGE_CURVE('',#1143,#1141,#1427,.T.);
#883=EDGE_CURVE('',#1144,#1143,#1428,.T.);
#884=EDGE_CURVE('',#1144,#1142,#1429,.T.);
#885=EDGE_CURVE('',#1143,#1145,#1430,.T.);
#886=EDGE_CURVE('',#1146,#1145,#1431,.T.);
#887=EDGE_CURVE('',#1144,#1146,#1432,.T.);
#888=EDGE_CURVE('',#1145,#1147,#1433,.T.);
#889=EDGE_CURVE('',#1148,#1147,#1434,.T.);
#890=EDGE_CURVE('',#1146,#1148,#1435,.T.);
#891=EDGE_CURVE('',#1149,#1150,#1436,.T.);
#892=EDGE_CURVE('',#1151,#1149,#1437,.T.);
#893=EDGE_CURVE('',#1151,#1152,#1438,.T.);
#894=EDGE_CURVE('',#1152,#1150,#1439,.T.);
#895=EDGE_CURVE('',#1153,#1149,#1440,.T.);
#896=EDGE_CURVE('',#1154,#1153,#1441,.T.);
#897=EDGE_CURVE('',#1154,#1151,#1442,.T.);
#898=EDGE_CURVE('',#1155,#1153,#1443,.T.);
#899=EDGE_CURVE('',#1156,#1155,#1444,.T.);
#900=EDGE_CURVE('',#1156,#1154,#1445,.T.);
#901=EDGE_CURVE('',#1157,#1155,#1446,.T.);
#902=EDGE_CURVE('',#1158,#1157,#1447,.T.);
#903=EDGE_CURVE('',#1158,#1156,#1448,.T.);
#904=EDGE_CURVE('',#1159,#1157,#1449,.T.);
#905=EDGE_CURVE('',#1160,#1159,#1450,.T.);
#906=EDGE_CURVE('',#1160,#1158,#1451,.T.);
#907=EDGE_CURVE('',#1161,#1159,#1452,.T.);
#908=EDGE_CURVE('',#1162,#1161,#1453,.T.);
#909=EDGE_CURVE('',#1162,#1160,#1454,.T.);
#910=EDGE_CURVE('',#1163,#1161,#1455,.T.);
#911=EDGE_CURVE('',#1164,#1163,#1456,.T.);
#912=EDGE_CURVE('',#1164,#1162,#1457,.T.);
#913=EDGE_CURVE('',#1165,#1163,#1458,.T.);
#914=EDGE_CURVE('',#1166,#1165,#1459,.T.);
#915=EDGE_CURVE('',#1166,#1164,#1460,.T.);
#916=EDGE_CURVE('',#1167,#1165,#1461,.T.);
#917=EDGE_CURVE('',#1168,#1167,#1462,.T.);
#918=EDGE_CURVE('',#1168,#1166,#1463,.T.);
#919=EDGE_CURVE('',#1169,#1167,#1464,.T.);
#920=EDGE_CURVE('',#1170,#1169,#1465,.T.);
#921=EDGE_CURVE('',#1170,#1168,#1466,.T.);
#922=EDGE_CURVE('',#1171,#1169,#1467,.T.);
#923=EDGE_CURVE('',#1172,#1171,#1468,.T.);
#924=EDGE_CURVE('',#1172,#1170,#1469,.T.);
#925=EDGE_CURVE('',#1173,#1174,#1470,.T.);
#926=EDGE_CURVE('',#1175,#1173,#1471,.T.);
#927=EDGE_CURVE('',#1175,#1176,#1472,.T.);
#928=EDGE_CURVE('',#1176,#1174,#1473,.T.);
#929=EDGE_CURVE('',#1177,#1173,#1474,.T.);
#930=EDGE_CURVE('',#1178,#1177,#1475,.T.);
#931=EDGE_CURVE('',#1178,#1175,#1476,.T.);
#932=EDGE_CURVE('',#1179,#1177,#1477,.T.);
#933=EDGE_CURVE('',#1180,#1179,#1478,.T.);
#934=EDGE_CURVE('',#1180,#1178,#1479,.T.);
#935=EDGE_CURVE('',#1181,#1182,#1480,.T.);
#936=EDGE_CURVE('',#1183,#1181,#1481,.T.);
#937=EDGE_CURVE('',#1183,#1184,#1482,.T.);
#938=EDGE_CURVE('',#1184,#1182,#1483,.T.);
#939=EDGE_CURVE('',#1185,#1181,#1484,.T.);
#940=EDGE_CURVE('',#1186,#1185,#1485,.T.);
#941=EDGE_CURVE('',#1186,#1183,#1486,.T.);
#942=EDGE_CURVE('',#1187,#1185,#1487,.T.);
#943=EDGE_CURVE('',#1188,#1187,#1488,.T.);
#944=EDGE_CURVE('',#1188,#1186,#1489,.T.);
#945=EDGE_CURVE('',#1150,#1171,#1490,.T.);
#946=EDGE_CURVE('',#1152,#1172,#1491,.T.);
#947=EDGE_CURVE('',#1174,#1179,#1492,.T.);
#948=EDGE_CURVE('',#1176,#1180,#1493,.T.);
#949=EDGE_CURVE('',#1182,#1187,#1494,.T.);
#950=EDGE_CURVE('',#1184,#1188,#1495,.T.);
#951=EDGE_CURVE('',#1147,#1134,#1496,.T.);
#952=EDGE_CURVE('',#1148,#1136,#1497,.T.);
#953=EDGE_CURVE('',#1189,#1190,#1498,.T.);
#954=EDGE_CURVE('',#1191,#1189,#1499,.T.);
#955=EDGE_CURVE('',#1191,#1192,#1500,.T.);
#956=EDGE_CURVE('',#1192,#1190,#1501,.T.);
#957=EDGE_CURVE('',#1193,#1189,#1502,.T.);
#958=EDGE_CURVE('',#1194,#1193,#1503,.T.);
#959=EDGE_CURVE('',#1194,#1191,#1504,.T.);
#960=EDGE_CURVE('',#1195,#1193,#1505,.T.);
#961=EDGE_CURVE('',#1196,#1195,#1506,.T.);
#962=EDGE_CURVE('',#1196,#1194,#1507,.T.);
#963=EDGE_CURVE('',#1197,#1198,#1508,.T.);
#964=EDGE_CURVE('',#1199,#1197,#1509,.T.);
#965=EDGE_CURVE('',#1199,#1200,#1510,.T.);
#966=EDGE_CURVE('',#1200,#1198,#1511,.T.);
#967=EDGE_CURVE('',#1201,#1197,#1512,.T.);
#968=EDGE_CURVE('',#1202,#1201,#1513,.T.);
#969=EDGE_CURVE('',#1202,#1199,#1514,.T.);
#970=EDGE_CURVE('',#1203,#1201,#1515,.T.);
#971=EDGE_CURVE('',#1204,#1203,#1516,.T.);
#972=EDGE_CURVE('',#1204,#1202,#1517,.T.);
#973=EDGE_CURVE('',#1205,#1203,#1518,.T.);
#974=EDGE_CURVE('',#1206,#1205,#1519,.T.);
#975=EDGE_CURVE('',#1206,#1204,#1520,.T.);
#976=EDGE_CURVE('',#1207,#1205,#1521,.T.);
#977=EDGE_CURVE('',#1208,#1207,#1522,.T.);
#978=EDGE_CURVE('',#1208,#1206,#1523,.T.);
#979=EDGE_CURVE('',#1209,#1207,#1524,.T.);
#980=EDGE_CURVE('',#1210,#1209,#1525,.T.);
#981=EDGE_CURVE('',#1210,#1208,#1526,.T.);
#982=EDGE_CURVE('',#1211,#1209,#1527,.T.);
#983=EDGE_CURVE('',#1212,#1211,#1528,.T.);
#984=EDGE_CURVE('',#1212,#1210,#1529,.T.);
#985=EDGE_CURVE('',#1198,#1211,#1530,.T.);
#986=EDGE_CURVE('',#1200,#1212,#1531,.T.);
#987=EDGE_CURVE('',#1190,#1195,#1532,.T.);
#988=EDGE_CURVE('',#1192,#1196,#1533,.T.);
#989=EDGE_CURVE('',#1213,#1214,#1534,.T.);
#990=EDGE_CURVE('',#1215,#1213,#1535,.T.);
#991=EDGE_CURVE('',#1215,#1216,#1536,.T.);
#992=EDGE_CURVE('',#1216,#1214,#1537,.T.);
#993=EDGE_CURVE('',#1213,#1217,#1538,.T.);
#994=EDGE_CURVE('',#1218,#1217,#1539,.T.);
#995=EDGE_CURVE('',#1215,#1218,#1540,.T.);
#996=EDGE_CURVE('',#1217,#1219,#1541,.T.);
#997=EDGE_CURVE('',#1220,#1219,#1542,.T.);
#998=EDGE_CURVE('',#1218,#1220,#1543,.T.);
#999=EDGE_CURVE('',#1219,#1221,#1544,.T.);
#1000=EDGE_CURVE('',#1222,#1221,#1545,.T.);
#1001=EDGE_CURVE('',#1220,#1222,#1546,.T.);
#1002=EDGE_CURVE('',#1221,#1223,#1547,.T.);
#1003=EDGE_CURVE('',#1224,#1223,#1548,.T.);
#1004=EDGE_CURVE('',#1222,#1224,#1549,.T.);
#1005=EDGE_CURVE('',#1214,#1223,#1550,.T.);
#1006=EDGE_CURVE('',#1216,#1224,#1551,.T.);
#1007=VERTEX_POINT('',#3218);
#1008=VERTEX_POINT('',#3219);
#1009=VERTEX_POINT('',#3221);
#1010=VERTEX_POINT('',#3223);
#1011=VERTEX_POINT('',#3227);
#1012=VERTEX_POINT('',#3229);
#1013=VERTEX_POINT('',#3233);
#1014=VERTEX_POINT('',#3235);
#1015=VERTEX_POINT('',#3239);
#1016=VERTEX_POINT('',#3241);
#1017=VERTEX_POINT('',#3245);
#1018=VERTEX_POINT('',#3247);
#1019=VERTEX_POINT('',#3251);
#1020=VERTEX_POINT('',#3253);
#1021=VERTEX_POINT('',#3257);
#1022=VERTEX_POINT('',#3259);
#1023=VERTEX_POINT('',#3263);
#1024=VERTEX_POINT('',#3265);
#1025=VERTEX_POINT('',#3269);
#1026=VERTEX_POINT('',#3271);
#1027=VERTEX_POINT('',#3275);
#1028=VERTEX_POINT('',#3277);
#1029=VERTEX_POINT('',#3281);
#1030=VERTEX_POINT('',#3283);
#1031=VERTEX_POINT('',#3287);
#1032=VERTEX_POINT('',#3289);
#1033=VERTEX_POINT('',#3293);
#1034=VERTEX_POINT('',#3295);
#1035=VERTEX_POINT('',#3299);
#1036=VERTEX_POINT('',#3301);
#1037=VERTEX_POINT('',#3305);
#1038=VERTEX_POINT('',#3307);
#1039=VERTEX_POINT('',#3311);
#1040=VERTEX_POINT('',#3313);
#1041=VERTEX_POINT('',#3323);
#1042=VERTEX_POINT('',#3324);
#1043=VERTEX_POINT('',#3326);
#1044=VERTEX_POINT('',#3328);
#1045=VERTEX_POINT('',#3332);
#1046=VERTEX_POINT('',#3334);
#1047=VERTEX_POINT('',#3338);
#1048=VERTEX_POINT('',#3340);
#1049=VERTEX_POINT('',#3344);
#1050=VERTEX_POINT('',#3346);
#1051=VERTEX_POINT('',#3350);
#1052=VERTEX_POINT('',#3352);
#1053=VERTEX_POINT('',#3356);
#1054=VERTEX_POINT('',#3358);
#1055=VERTEX_POINT('',#3362);
#1056=VERTEX_POINT('',#3364);
#1057=VERTEX_POINT('',#3368);
#1058=VERTEX_POINT('',#3370);
#1059=VERTEX_POINT('',#3374);
#1060=VERTEX_POINT('',#3376);
#1061=VERTEX_POINT('',#3380);
#1062=VERTEX_POINT('',#3382);
#1063=VERTEX_POINT('',#3386);
#1064=VERTEX_POINT('',#3388);
#1065=VERTEX_POINT('',#3392);
#1066=VERTEX_POINT('',#3394);
#1067=VERTEX_POINT('',#3398);
#1068=VERTEX_POINT('',#3400);
#1069=VERTEX_POINT('',#3404);
#1070=VERTEX_POINT('',#3406);
#1071=VERTEX_POINT('',#3410);
#1072=VERTEX_POINT('',#3412);
#1073=VERTEX_POINT('',#3416);
#1074=VERTEX_POINT('',#3418);
#1075=VERTEX_POINT('',#3422);
#1076=VERTEX_POINT('',#3424);
#1077=VERTEX_POINT('',#3428);
#1078=VERTEX_POINT('',#3430);
#1079=VERTEX_POINT('',#3434);
#1080=VERTEX_POINT('',#3436);
#1081=VERTEX_POINT('',#3446);
#1082=VERTEX_POINT('',#3447);
#1083=VERTEX_POINT('',#3449);
#1084=VERTEX_POINT('',#3451);
#1085=VERTEX_POINT('',#3455);
#1086=VERTEX_POINT('',#3457);
#1087=VERTEX_POINT('',#3461);
#1088=VERTEX_POINT('',#3463);
#1089=VERTEX_POINT('',#3473);
#1090=VERTEX_POINT('',#3474);
#1091=VERTEX_POINT('',#3476);
#1092=VERTEX_POINT('',#3478);
#1093=VERTEX_POINT('',#3482);
#1094=VERTEX_POINT('',#3484);
#1095=VERTEX_POINT('',#3488);
#1096=VERTEX_POINT('',#3490);
#1097=VERTEX_POINT('',#3494);
#1098=VERTEX_POINT('',#3496);
#1099=VERTEX_POINT('',#3500);
#1100=VERTEX_POINT('',#3502);
#1101=VERTEX_POINT('',#3506);
#1102=VERTEX_POINT('',#3508);
#1103=VERTEX_POINT('',#3512);
#1104=VERTEX_POINT('',#3514);
#1105=VERTEX_POINT('',#3518);
#1106=VERTEX_POINT('',#3520);
#1107=VERTEX_POINT('',#3524);
#1108=VERTEX_POINT('',#3526);
#1109=VERTEX_POINT('',#3530);
#1110=VERTEX_POINT('',#3532);
#1111=VERTEX_POINT('',#3536);
#1112=VERTEX_POINT('',#3538);
#1113=VERTEX_POINT('',#3548);
#1114=VERTEX_POINT('',#3549);
#1115=VERTEX_POINT('',#3551);
#1116=VERTEX_POINT('',#3553);
#1117=VERTEX_POINT('',#3557);
#1118=VERTEX_POINT('',#3559);
#1119=VERTEX_POINT('',#3563);
#1120=VERTEX_POINT('',#3565);
#1121=VERTEX_POINT('',#3569);
#1122=VERTEX_POINT('',#3571);
#1123=VERTEX_POINT('',#3575);
#1124=VERTEX_POINT('',#3577);
#1125=VERTEX_POINT('',#3581);
#1126=VERTEX_POINT('',#3582);
#1127=VERTEX_POINT('',#3584);
#1128=VERTEX_POINT('',#3586);
#1129=VERTEX_POINT('',#3590);
#1130=VERTEX_POINT('',#3592);
#1131=VERTEX_POINT('',#3596);
#1132=VERTEX_POINT('',#3598);
#1133=VERTEX_POINT('',#3611);
#1134=VERTEX_POINT('',#3612);
#1135=VERTEX_POINT('',#3614);
#1136=VERTEX_POINT('',#3616);
#1137=VERTEX_POINT('',#3620);
#1138=VERTEX_POINT('',#3622);
#1139=VERTEX_POINT('',#3626);
#1140=VERTEX_POINT('',#3628);
#1141=VERTEX_POINT('',#3632);
#1142=VERTEX_POINT('',#3634);
#1143=VERTEX_POINT('',#3638);
#1144=VERTEX_POINT('',#3640);
#1145=VERTEX_POINT('',#3644);
#1146=VERTEX_POINT('',#3646);
#1147=VERTEX_POINT('',#3650);
#1148=VERTEX_POINT('',#3652);
#1149=VERTEX_POINT('',#3656);
#1150=VERTEX_POINT('',#3657);
#1151=VERTEX_POINT('',#3659);
#1152=VERTEX_POINT('',#3661);
#1153=VERTEX_POINT('',#3665);
#1154=VERTEX_POINT('',#3667);
#1155=VERTEX_POINT('',#3671);
#1156=VERTEX_POINT('',#3673);
#1157=VERTEX_POINT('',#3677);
#1158=VERTEX_POINT('',#3679);
#1159=VERTEX_POINT('',#3683);
#1160=VERTEX_POINT('',#3685);
#1161=VERTEX_POINT('',#3689);
#1162=VERTEX_POINT('',#3691);
#1163=VERTEX_POINT('',#3695);
#1164=VERTEX_POINT('',#3697);
#1165=VERTEX_POINT('',#3701);
#1166=VERTEX_POINT('',#3703);
#1167=VERTEX_POINT('',#3707);
#1168=VERTEX_POINT('',#3709);
#1169=VERTEX_POINT('',#3713);
#1170=VERTEX_POINT('',#3715);
#1171=VERTEX_POINT('',#3719);
#1172=VERTEX_POINT('',#3721);
#1173=VERTEX_POINT('',#3725);
#1174=VERTEX_POINT('',#3726);
#1175=VERTEX_POINT('',#3728);
#1176=VERTEX_POINT('',#3730);
#1177=VERTEX_POINT('',#3734);
#1178=VERTEX_POINT('',#3736);
#1179=VERTEX_POINT('',#3740);
#1180=VERTEX_POINT('',#3742);
#1181=VERTEX_POINT('',#3746);
#1182=VERTEX_POINT('',#3747);
#1183=VERTEX_POINT('',#3749);
#1184=VERTEX_POINT('',#3751);
#1185=VERTEX_POINT('',#3755);
#1186=VERTEX_POINT('',#3757);
#1187=VERTEX_POINT('',#3761);
#1188=VERTEX_POINT('',#3763);
#1189=VERTEX_POINT('',#3782);
#1190=VERTEX_POINT('',#3783);
#1191=VERTEX_POINT('',#3785);
#1192=VERTEX_POINT('',#3787);
#1193=VERTEX_POINT('',#3791);
#1194=VERTEX_POINT('',#3793);
#1195=VERTEX_POINT('',#3797);
#1196=VERTEX_POINT('',#3799);
#1197=VERTEX_POINT('',#3803);
#1198=VERTEX_POINT('',#3804);
#1199=VERTEX_POINT('',#3806);
#1200=VERTEX_POINT('',#3808);
#1201=VERTEX_POINT('',#3812);
#1202=VERTEX_POINT('',#3814);
#1203=VERTEX_POINT('',#3818);
#1204=VERTEX_POINT('',#3820);
#1205=VERTEX_POINT('',#3824);
#1206=VERTEX_POINT('',#3826);
#1207=VERTEX_POINT('',#3830);
#1208=VERTEX_POINT('',#3832);
#1209=VERTEX_POINT('',#3836);
#1210=VERTEX_POINT('',#3838);
#1211=VERTEX_POINT('',#3842);
#1212=VERTEX_POINT('',#3844);
#1213=VERTEX_POINT('',#3857);
#1214=VERTEX_POINT('',#3858);
#1215=VERTEX_POINT('',#3860);
#1216=VERTEX_POINT('',#3862);
#1217=VERTEX_POINT('',#3866);
#1218=VERTEX_POINT('',#3868);
#1219=VERTEX_POINT('',#3872);
#1220=VERTEX_POINT('',#3874);
#1221=VERTEX_POINT('',#3878);
#1222=VERTEX_POINT('',#3880);
#1223=VERTEX_POINT('',#3884);
#1224=VERTEX_POINT('',#3886);
#1225=LINE('',#3217,#1552);
#1226=LINE('',#3220,#1553);
#1227=LINE('',#3222,#1554);
#1228=LINE('',#3224,#1555);
#1229=LINE('',#3226,#1556);
#1230=LINE('',#3228,#1557);
#1231=LINE('',#3230,#1558);
#1232=LINE('',#3232,#1559);
#1233=LINE('',#3234,#1560);
#1234=LINE('',#3236,#1561);
#1235=LINE('',#3238,#1562);
#1236=LINE('',#3240,#1563);
#1237=LINE('',#3242,#1564);
#1238=LINE('',#3244,#1565);
#1239=LINE('',#3246,#1566);
#1240=LINE('',#3248,#1567);
#1241=LINE('',#3250,#1568);
#1242=LINE('',#3252,#1569);
#1243=LINE('',#3254,#1570);
#1244=LINE('',#3256,#1571);
#1245=LINE('',#3258,#1572);
#1246=LINE('',#3260,#1573);
#1247=LINE('',#3262,#1574);
#1248=LINE('',#3264,#1575);
#1249=LINE('',#3266,#1576);
#1250=LINE('',#3268,#1577);
#1251=LINE('',#3270,#1578);
#1252=LINE('',#3272,#1579);
#1253=LINE('',#3274,#1580);
#1254=LINE('',#3276,#1581);
#1255=LINE('',#3278,#1582);
#1256=LINE('',#3280,#1583);
#1257=LINE('',#3282,#1584);
#1258=LINE('',#3284,#1585);
#1259=LINE('',#3286,#1586);
#1260=LINE('',#3288,#1587);
#1261=LINE('',#3290,#1588);
#1262=LINE('',#3292,#1589);
#1263=LINE('',#3294,#1590);
#1264=LINE('',#3296,#1591);
#1265=LINE('',#3298,#1592);
#1266=LINE('',#3300,#1593);
#1267=LINE('',#3302,#1594);
#1268=LINE('',#3304,#1595);
#1269=LINE('',#3306,#1596);
#1270=LINE('',#3308,#1597);
#1271=LINE('',#3310,#1598);
#1272=LINE('',#3312,#1599);
#1273=LINE('',#3314,#1600);
#1274=LINE('',#3316,#1601);
#1275=LINE('',#3317,#1602);
#1276=LINE('',#3322,#1603);
#1277=LINE('',#3325,#1604);
#1278=LINE('',#3327,#1605);
#1279=LINE('',#3329,#1606);
#1280=LINE('',#3331,#1607);
#1281=LINE('',#3333,#1608);
#1282=LINE('',#3335,#1609);
#1283=LINE('',#3337,#1610);
#1284=LINE('',#3339,#1611);
#1285=LINE('',#3341,#1612);
#1286=LINE('',#3343,#1613);
#1287=LINE('',#3345,#1614);
#1288=LINE('',#3347,#1615);
#1289=LINE('',#3349,#1616);
#1290=LINE('',#3351,#1617);
#1291=LINE('',#3353,#1618);
#1292=LINE('',#3355,#1619);
#1293=LINE('',#3357,#1620);
#1294=LINE('',#3359,#1621);
#1295=LINE('',#3361,#1622);
#1296=LINE('',#3363,#1623);
#1297=LINE('',#3365,#1624);
#1298=LINE('',#3367,#1625);
#1299=LINE('',#3369,#1626);
#1300=LINE('',#3371,#1627);
#1301=LINE('',#3373,#1628);
#1302=LINE('',#3375,#1629);
#1303=LINE('',#3377,#1630);
#1304=LINE('',#3379,#1631);
#1305=LINE('',#3381,#1632);
#1306=LINE('',#3383,#1633);
#1307=LINE('',#3385,#1634);
#1308=LINE('',#3387,#1635);
#1309=LINE('',#3389,#1636);
#1310=LINE('',#3391,#1637);
#1311=LINE('',#3393,#1638);
#1312=LINE('',#3395,#1639);
#1313=LINE('',#3397,#1640);
#1314=LINE('',#3399,#1641);
#1315=LINE('',#3401,#1642);
#1316=LINE('',#3403,#1643);
#1317=LINE('',#3405,#1644);
#1318=LINE('',#3407,#1645);
#1319=LINE('',#3409,#1646);
#1320=LINE('',#3411,#1647);
#1321=LINE('',#3413,#1648);
#1322=LINE('',#3415,#1649);
#1323=LINE('',#3417,#1650);
#1324=LINE('',#3419,#1651);
#1325=LINE('',#3421,#1652);
#1326=LINE('',#3423,#1653);
#1327=LINE('',#3425,#1654);
#1328=LINE('',#3427,#1655);
#1329=LINE('',#3429,#1656);
#1330=LINE('',#3431,#1657);
#1331=LINE('',#3433,#1658);
#1332=LINE('',#3435,#1659);
#1333=LINE('',#3437,#1660);
#1334=LINE('',#3439,#1661);
#1335=LINE('',#3440,#1662);
#1336=LINE('',#3445,#1663);
#1337=LINE('',#3448,#1664);
#1338=LINE('',#3450,#1665);
#1339=LINE('',#3452,#1666);
#1340=LINE('',#3454,#1667);
#1341=LINE('',#3456,#1668);
#1342=LINE('',#3458,#1669);
#1343=LINE('',#3460,#1670);
#1344=LINE('',#3462,#1671);
#1345=LINE('',#3464,#1672);
#1346=LINE('',#3466,#1673);
#1347=LINE('',#3467,#1674);
#1348=LINE('',#3472,#1675);
#1349=LINE('',#3475,#1676);
#1350=LINE('',#3477,#1677);
#1351=LINE('',#3479,#1678);
#1352=LINE('',#3481,#1679);
#1353=LINE('',#3483,#1680);
#1354=LINE('',#3485,#1681);
#1355=LINE('',#3487,#1682);
#1356=LINE('',#3489,#1683);
#1357=LINE('',#3491,#1684);
#1358=LINE('',#3493,#1685);
#1359=LINE('',#3495,#1686);
#1360=LINE('',#3497,#1687);
#1361=LINE('',#3499,#1688);
#1362=LINE('',#3501,#1689);
#1363=LINE('',#3503,#1690);
#1364=LINE('',#3505,#1691);
#1365=LINE('',#3507,#1692);
#1366=LINE('',#3509,#1693);
#1367=LINE('',#3511,#1694);
#1368=LINE('',#3513,#1695);
#1369=LINE('',#3515,#1696);
#1370=LINE('',#3517,#1697);
#1371=LINE('',#3519,#1698);
#1372=LINE('',#3521,#1699);
#1373=LINE('',#3523,#1700);
#1374=LINE('',#3525,#1701);
#1375=LINE('',#3527,#1702);
#1376=LINE('',#3529,#1703);
#1377=LINE('',#3531,#1704);
#1378=LINE('',#3533,#1705);
#1379=LINE('',#3535,#1706);
#1380=LINE('',#3537,#1707);
#1381=LINE('',#3539,#1708);
#1382=LINE('',#3541,#1709);
#1383=LINE('',#3542,#1710);
#1384=LINE('',#3547,#1711);
#1385=LINE('',#3550,#1712);
#1386=LINE('',#3552,#1713);
#1387=LINE('',#3554,#1714);
#1388=LINE('',#3556,#1715);
#1389=LINE('',#3558,#1716);
#1390=LINE('',#3560,#1717);
#1391=LINE('',#3562,#1718);
#1392=LINE('',#3564,#1719);
#1393=LINE('',#3566,#1720);
#1394=LINE('',#3568,#1721);
#1395=LINE('',#3570,#1722);
#1396=LINE('',#3572,#1723);
#1397=LINE('',#3574,#1724);
#1398=LINE('',#3576,#1725);
#1399=LINE('',#3578,#1726);
#1400=LINE('',#3580,#1727);
#1401=LINE('',#3583,#1728);
#1402=LINE('',#3585,#1729);
#1403=LINE('',#3587,#1730);
#1404=LINE('',#3589,#1731);
#1405=LINE('',#3591,#1732);
#1406=LINE('',#3593,#1733);
#1407=LINE('',#3595,#1734);
#1408=LINE('',#3597,#1735);
#1409=LINE('',#3599,#1736);
#1410=LINE('',#3601,#1737);
#1411=LINE('',#3602,#1738);
#1412=LINE('',#3604,#1739);
#1413=LINE('',#3605,#1740);
#1414=LINE('',#3610,#1741);
#1415=LINE('',#3613,#1742);
#1416=LINE('',#3615,#1743);
#1417=LINE('',#3617,#1744);
#1418=LINE('',#3619,#1745);
#1419=LINE('',#3621,#1746);
#1420=LINE('',#3623,#1747);
#1421=LINE('',#3625,#1748);
#1422=LINE('',#3627,#1749);
#1423=LINE('',#3629,#1750);
#1424=LINE('',#3631,#1751);
#1425=LINE('',#3633,#1752);
#1426=LINE('',#3635,#1753);
#1427=LINE('',#3637,#1754);
#1428=LINE('',#3639,#1755);
#1429=LINE('',#3641,#1756);
#1430=LINE('',#3643,#1757);
#1431=LINE('',#3645,#1758);
#1432=LINE('',#3647,#1759);
#1433=LINE('',#3649,#1760);
#1434=LINE('',#3651,#1761);
#1435=LINE('',#3653,#1762);
#1436=LINE('',#3655,#1763);
#1437=LINE('',#3658,#1764);
#1438=LINE('',#3660,#1765);
#1439=LINE('',#3662,#1766);
#1440=LINE('',#3664,#1767);
#1441=LINE('',#3666,#1768);
#1442=LINE('',#3668,#1769);
#1443=LINE('',#3670,#1770);
#1444=LINE('',#3672,#1771);
#1445=LINE('',#3674,#1772);
#1446=LINE('',#3676,#1773);
#1447=LINE('',#3678,#1774);
#1448=LINE('',#3680,#1775);
#1449=LINE('',#3682,#1776);
#1450=LINE('',#3684,#1777);
#1451=LINE('',#3686,#1778);
#1452=LINE('',#3688,#1779);
#1453=LINE('',#3690,#1780);
#1454=LINE('',#3692,#1781);
#1455=LINE('',#3694,#1782);
#1456=LINE('',#3696,#1783);
#1457=LINE('',#3698,#1784);
#1458=LINE('',#3700,#1785);
#1459=LINE('',#3702,#1786);
#1460=LINE('',#3704,#1787);
#1461=LINE('',#3706,#1788);
#1462=LINE('',#3708,#1789);
#1463=LINE('',#3710,#1790);
#1464=LINE('',#3712,#1791);
#1465=LINE('',#3714,#1792);
#1466=LINE('',#3716,#1793);
#1467=LINE('',#3718,#1794);
#1468=LINE('',#3720,#1795);
#1469=LINE('',#3722,#1796);
#1470=LINE('',#3724,#1797);
#1471=LINE('',#3727,#1798);
#1472=LINE('',#3729,#1799);
#1473=LINE('',#3731,#1800);
#1474=LINE('',#3733,#1801);
#1475=LINE('',#3735,#1802);
#1476=LINE('',#3737,#1803);
#1477=LINE('',#3739,#1804);
#1478=LINE('',#3741,#1805);
#1479=LINE('',#3743,#1806);
#1480=LINE('',#3745,#1807);
#1481=LINE('',#3748,#1808);
#1482=LINE('',#3750,#1809);
#1483=LINE('',#3752,#1810);
#1484=LINE('',#3754,#1811);
#1485=LINE('',#3756,#1812);
#1486=LINE('',#3758,#1813);
#1487=LINE('',#3760,#1814);
#1488=LINE('',#3762,#1815);
#1489=LINE('',#3764,#1816);
#1490=LINE('',#3766,#1817);
#1491=LINE('',#3767,#1818);
#1492=LINE('',#3769,#1819);
#1493=LINE('',#3770,#1820);
#1494=LINE('',#3772,#1821);
#1495=LINE('',#3773,#1822);
#1496=LINE('',#3775,#1823);
#1497=LINE('',#3776,#1824);
#1498=LINE('',#3781,#1825);
#1499=LINE('',#3784,#1826);
#1500=LINE('',#3786,#1827);
#1501=LINE('',#3788,#1828);
#1502=LINE('',#3790,#1829);
#1503=LINE('',#3792,#1830);
#1504=LINE('',#3794,#1831);
#1505=LINE('',#3796,#1832);
#1506=LINE('',#3798,#1833);
#1507=LINE('',#3800,#1834);
#1508=LINE('',#3802,#1835);
#1509=LINE('',#3805,#1836);
#1510=LINE('',#3807,#1837);
#1511=LINE('',#3809,#1838);
#1512=LINE('',#3811,#1839);
#1513=LINE('',#3813,#1840);
#1514=LINE('',#3815,#1841);
#1515=LINE('',#3817,#1842);
#1516=LINE('',#3819,#1843);
#1517=LINE('',#3821,#1844);
#1518=LINE('',#3823,#1845);
#1519=LINE('',#3825,#1846);
#1520=LINE('',#3827,#1847);
#1521=LINE('',#3829,#1848);
#1522=LINE('',#3831,#1849);
#1523=LINE('',#3833,#1850);
#1524=LINE('',#3835,#1851);
#1525=LINE('',#3837,#1852);
#1526=LINE('',#3839,#1853);
#1527=LINE('',#3841,#1854);
#1528=LINE('',#3843,#1855);
#1529=LINE('',#3845,#1856);
#1530=LINE('',#3847,#1857);
#1531=LINE('',#3848,#1858);
#1532=LINE('',#3850,#1859);
#1533=LINE('',#3851,#1860);
#1534=LINE('',#3856,#1861);
#1535=LINE('',#3859,#1862);
#1536=LINE('',#3861,#1863);
#1537=LINE('',#3863,#1864);
#1538=LINE('',#3865,#1865);
#1539=LINE('',#3867,#1866);
#1540=LINE('',#3869,#1867);
#1541=LINE('',#3871,#1868);
#1542=LINE('',#3873,#1869);
#1543=LINE('',#3875,#1870);
#1544=LINE('',#3877,#1871);
#1545=LINE('',#3879,#1872);
#1546=LINE('',#3881,#1873);
#1547=LINE('',#3883,#1874);
#1548=LINE('',#3885,#1875);
#1549=LINE('',#3887,#1876);
#1550=LINE('',#3889,#1877);
#1551=LINE('',#3890,#1878);
#1552=VECTOR('',#2626,1.);
#1553=VECTOR('',#2627,1.);
#1554=VECTOR('',#2628,1.);
#1555=VECTOR('',#2629,1.);
#1556=VECTOR('',#2632,1.);
#1557=VECTOR('',#2633,1.);
#1558=VECTOR('',#2634,1.);
#1559=VECTOR('',#2637,1.);
#1560=VECTOR('',#2638,1.);
#1561=VECTOR('',#2639,1.);
#1562=VECTOR('',#2642,1.);
#1563=VECTOR('',#2643,1.);
#1564=VECTOR('',#2644,1.);
#1565=VECTOR('',#2647,1.);
#1566=VECTOR('',#2648,1.);
#1567=VECTOR('',#2649,1.);
#1568=VECTOR('',#2652,1.);
#1569=VECTOR('',#2653,1.);
#1570=VECTOR('',#2654,1.);
#1571=VECTOR('',#2657,1.);
#1572=VECTOR('',#2658,1.);
#1573=VECTOR('',#2659,1.);
#1574=VECTOR('',#2662,1.);
#1575=VECTOR('',#2663,1.);
#1576=VECTOR('',#2664,1.);
#1577=VECTOR('',#2667,1.);
#1578=VECTOR('',#2668,1.);
#1579=VECTOR('',#2669,1.);
#1580=VECTOR('',#2672,1.);
#1581=VECTOR('',#2673,1.);
#1582=VECTOR('',#2674,1.);
#1583=VECTOR('',#2677,1.);
#1584=VECTOR('',#2678,1.);
#1585=VECTOR('',#2679,1.);
#1586=VECTOR('',#2682,1.);
#1587=VECTOR('',#2683,1.);
#1588=VECTOR('',#2684,1.);
#1589=VECTOR('',#2687,1.);
#1590=VECTOR('',#2688,1.);
#1591=VECTOR('',#2689,1.);
#1592=VECTOR('',#2692,1.);
#1593=VECTOR('',#2693,1.);
#1594=VECTOR('',#2694,1.);
#1595=VECTOR('',#2697,1.);
#1596=VECTOR('',#2698,1.);
#1597=VECTOR('',#2699,1.);
#1598=VECTOR('',#2702,1.);
#1599=VECTOR('',#2703,1.);
#1600=VECTOR('',#2704,1.);
#1601=VECTOR('',#2707,1.);
#1602=VECTOR('',#2708,1.);
#1603=VECTOR('',#2717,1.);
#1604=VECTOR('',#2718,1.);
#1605=VECTOR('',#2719,1.);
#1606=VECTOR('',#2720,1.);
#1607=VECTOR('',#2723,1.);
#1608=VECTOR('',#2724,1.);
#1609=VECTOR('',#2725,1.);
#1610=VECTOR('',#2728,1.);
#1611=VECTOR('',#2729,1.);
#1612=VECTOR('',#2730,1.);
#1613=VECTOR('',#2733,1.);
#1614=VECTOR('',#2734,1.);
#1615=VECTOR('',#2735,1.);
#1616=VECTOR('',#2738,1.);
#1617=VECTOR('',#2739,1.);
#1618=VECTOR('',#2740,1.);
#1619=VECTOR('',#2743,1.);
#1620=VECTOR('',#2744,1.);
#1621=VECTOR('',#2745,1.);
#1622=VECTOR('',#2748,1.);
#1623=VECTOR('',#2749,1.);
#1624=VECTOR('',#2750,1.);
#1625=VECTOR('',#2753,1.);
#1626=VECTOR('',#2754,1.);
#1627=VECTOR('',#2755,1.);
#1628=VECTOR('',#2758,1.);
#1629=VECTOR('',#2759,1.);
#1630=VECTOR('',#2760,1.);
#1631=VECTOR('',#2763,1.);
#1632=VECTOR('',#2764,1.);
#1633=VECTOR('',#2765,1.);
#1634=VECTOR('',#2768,1.);
#1635=VECTOR('',#2769,1.);
#1636=VECTOR('',#2770,1.);
#1637=VECTOR('',#2773,1.);
#1638=VECTOR('',#2774,1.);
#1639=VECTOR('',#2775,1.);
#1640=VECTOR('',#2778,1.);
#1641=VECTOR('',#2779,1.);
#1642=VECTOR('',#2780,1.);
#1643=VECTOR('',#2783,1.);
#1644=VECTOR('',#2784,1.);
#1645=VECTOR('',#2785,1.);
#1646=VECTOR('',#2788,1.);
#1647=VECTOR('',#2789,1.);
#1648=VECTOR('',#2790,1.);
#1649=VECTOR('',#2793,1.);
#1650=VECTOR('',#2794,1.);
#1651=VECTOR('',#2795,1.);
#1652=VECTOR('',#2798,1.);
#1653=VECTOR('',#2799,1.);
#1654=VECTOR('',#2800,1.);
#1655=VECTOR('',#2803,1.);
#1656=VECTOR('',#2804,1.);
#1657=VECTOR('',#2805,1.);
#1658=VECTOR('',#2808,1.);
#1659=VECTOR('',#2809,1.);
#1660=VECTOR('',#2810,1.);
#1661=VECTOR('',#2813,1.);
#1662=VECTOR('',#2814,1.);
#1663=VECTOR('',#2823,1.);
#1664=VECTOR('',#2824,1.);
#1665=VECTOR('',#2825,1.);
#1666=VECTOR('',#2826,1.);
#1667=VECTOR('',#2829,1.);
#1668=VECTOR('',#2830,1.);
#1669=VECTOR('',#2831,1.);
#1670=VECTOR('',#2834,1.);
#1671=VECTOR('',#2835,1.);
#1672=VECTOR('',#2836,1.);
#1673=VECTOR('',#2839,1.);
#1674=VECTOR('',#2840,1.);
#1675=VECTOR('',#2849,1.);
#1676=VECTOR('',#2850,1.);
#1677=VECTOR('',#2851,1.);
#1678=VECTOR('',#2852,1.);
#1679=VECTOR('',#2855,1.);
#1680=VECTOR('',#2856,1.);
#1681=VECTOR('',#2857,1.);
#1682=VECTOR('',#2860,1.);
#1683=VECTOR('',#2861,1.);
#1684=VECTOR('',#2862,1.);
#1685=VECTOR('',#2865,1.);
#1686=VECTOR('',#2866,1.);
#1687=VECTOR('',#2867,1.);
#1688=VECTOR('',#2870,1.);
#1689=VECTOR('',#2871,1.);
#1690=VECTOR('',#2872,1.);
#1691=VECTOR('',#2875,1.);
#1692=VECTOR('',#2876,1.);
#1693=VECTOR('',#2877,1.);
#1694=VECTOR('',#2880,1.);
#1695=VECTOR('',#2881,1.);
#1696=VECTOR('',#2882,1.);
#1697=VECTOR('',#2885,1.);
#1698=VECTOR('',#2886,1.);
#1699=VECTOR('',#2887,1.);
#1700=VECTOR('',#2890,1.);
#1701=VECTOR('',#2891,1.);
#1702=VECTOR('',#2892,1.);
#1703=VECTOR('',#2895,1.);
#1704=VECTOR('',#2896,1.);
#1705=VECTOR('',#2897,1.);
#1706=VECTOR('',#2900,1.);
#1707=VECTOR('',#2901,1.);
#1708=VECTOR('',#2902,1.);
#1709=VECTOR('',#2905,1.);
#1710=VECTOR('',#2906,1.);
#1711=VECTOR('',#2915,1.);
#1712=VECTOR('',#2916,1.);
#1713=VECTOR('',#2917,1.);
#1714=VECTOR('',#2918,1.);
#1715=VECTOR('',#2921,1.);
#1716=VECTOR('',#2922,1.);
#1717=VECTOR('',#2923,1.);
#1718=VECTOR('',#2926,1.);
#1719=VECTOR('',#2927,1.);
#1720=VECTOR('',#2928,1.);
#1721=VECTOR('',#2931,1.);
#1722=VECTOR('',#2932,1.);
#1723=VECTOR('',#2933,1.);
#1724=VECTOR('',#2936,1.);
#1725=VECTOR('',#2937,1.);
#1726=VECTOR('',#2938,1.);
#1727=VECTOR('',#2941,1.);
#1728=VECTOR('',#2942,1.);
#1729=VECTOR('',#2943,1.);
#1730=VECTOR('',#2944,1.);
#1731=VECTOR('',#2947,1.);
#1732=VECTOR('',#2948,1.);
#1733=VECTOR('',#2949,1.);
#1734=VECTOR('',#2952,1.);
#1735=VECTOR('',#2953,1.);
#1736=VECTOR('',#2954,1.);
#1737=VECTOR('',#2957,1.);
#1738=VECTOR('',#2958,1.);
#1739=VECTOR('',#2961,1.);
#1740=VECTOR('',#2962,1.);
#1741=VECTOR('',#2971,1.);
#1742=VECTOR('',#2972,1.);
#1743=VECTOR('',#2973,1.);
#1744=VECTOR('',#2974,1.);
#1745=VECTOR('',#2977,1.);
#1746=VECTOR('',#2978,1.);
#1747=VECTOR('',#2979,1.);
#1748=VECTOR('',#2982,1.);
#1749=VECTOR('',#2983,1.);
#1750=VECTOR('',#2984,1.);
#1751=VECTOR('',#2987,1.);
#1752=VECTOR('',#2988,1.);
#1753=VECTOR('',#2989,1.);
#1754=VECTOR('',#2992,1.);
#1755=VECTOR('',#2993,1.);
#1756=VECTOR('',#2994,1.);
#1757=VECTOR('',#2997,1.);
#1758=VECTOR('',#2998,1.);
#1759=VECTOR('',#2999,1.);
#1760=VECTOR('',#3002,1.);
#1761=VECTOR('',#3003,1.);
#1762=VECTOR('',#3004,1.);
#1763=VECTOR('',#3007,1.);
#1764=VECTOR('',#3008,1.);
#1765=VECTOR('',#3009,1.);
#1766=VECTOR('',#3010,1.);
#1767=VECTOR('',#3013,1.);
#1768=VECTOR('',#3014,1.);
#1769=VECTOR('',#3015,1.);
#1770=VECTOR('',#3018,1.);
#1771=VECTOR('',#3019,1.);
#1772=VECTOR('',#3020,1.);
#1773=VECTOR('',#3023,1.);
#1774=VECTOR('',#3024,1.);
#1775=VECTOR('',#3025,1.);
#1776=VECTOR('',#3028,1.);
#1777=VECTOR('',#3029,1.);
#1778=VECTOR('',#3030,1.);
#1779=VECTOR('',#3033,1.);
#1780=VECTOR('',#3034,1.);
#1781=VECTOR('',#3035,1.);
#1782=VECTOR('',#3038,1.);
#1783=VECTOR('',#3039,1.);
#1784=VECTOR('',#3040,1.);
#1785=VECTOR('',#3043,1.);
#1786=VECTOR('',#3044,1.);
#1787=VECTOR('',#3045,1.);
#1788=VECTOR('',#3048,1.);
#1789=VECTOR('',#3049,1.);
#1790=VECTOR('',#3050,1.);
#1791=VECTOR('',#3053,1.);
#1792=VECTOR('',#3054,1.);
#1793=VECTOR('',#3055,1.);
#1794=VECTOR('',#3058,1.);
#1795=VECTOR('',#3059,1.);
#1796=VECTOR('',#3060,1.);
#1797=VECTOR('',#3063,1.);
#1798=VECTOR('',#3064,1.);
#1799=VECTOR('',#3065,1.);
#1800=VECTOR('',#3066,1.);
#1801=VECTOR('',#3069,1.);
#1802=VECTOR('',#3070,1.);
#1803=VECTOR('',#3071,1.);
#1804=VECTOR('',#3074,1.);
#1805=VECTOR('',#3075,1.);
#1806=VECTOR('',#3076,1.);
#1807=VECTOR('',#3079,1.);
#1808=VECTOR('',#3080,1.);
#1809=VECTOR('',#3081,1.);
#1810=VECTOR('',#3082,1.);
#1811=VECTOR('',#3085,1.);
#1812=VECTOR('',#3086,1.);
#1813=VECTOR('',#3087,1.);
#1814=VECTOR('',#3090,1.);
#1815=VECTOR('',#3091,1.);
#1816=VECTOR('',#3092,1.);
#1817=VECTOR('',#3095,1.);
#1818=VECTOR('',#3096,1.);
#1819=VECTOR('',#3099,1.);
#1820=VECTOR('',#3100,1.);
#1821=VECTOR('',#3103,1.);
#1822=VECTOR('',#3104,1.);
#1823=VECTOR('',#3107,1.);
#1824=VECTOR('',#3108,1.);
#1825=VECTOR('',#3117,1.);
#1826=VECTOR('',#3118,1.);
#1827=VECTOR('',#3119,1.);
#1828=VECTOR('',#3120,1.);
#1829=VECTOR('',#3123,1.);
#1830=VECTOR('',#3124,1.);
#1831=VECTOR('',#3125,1.);
#1832=VECTOR('',#3128,1.);
#1833=VECTOR('',#3129,1.);
#1834=VECTOR('',#3130,1.);
#1835=VECTOR('',#3133,1.);
#1836=VECTOR('',#3134,1.);
#1837=VECTOR('',#3135,1.);
#1838=VECTOR('',#3136,1.);
#1839=VECTOR('',#3139,1.);
#1840=VECTOR('',#3140,1.);
#1841=VECTOR('',#3141,1.);
#1842=VECTOR('',#3144,1.);
#1843=VECTOR('',#3145,1.);
#1844=VECTOR('',#3146,1.);
#1845=VECTOR('',#3149,1.);
#1846=VECTOR('',#3150,1.);
#1847=VECTOR('',#3151,1.);
#1848=VECTOR('',#3154,1.);
#1849=VECTOR('',#3155,1.);
#1850=VECTOR('',#3156,1.);
#1851=VECTOR('',#3159,1.);
#1852=VECTOR('',#3160,1.);
#1853=VECTOR('',#3161,1.);
#1854=VECTOR('',#3164,1.);
#1855=VECTOR('',#3165,1.);
#1856=VECTOR('',#3166,1.);
#1857=VECTOR('',#3169,1.);
#1858=VECTOR('',#3170,1.);
#1859=VECTOR('',#3173,1.);
#1860=VECTOR('',#3174,1.);
#1861=VECTOR('',#3183,1.);
#1862=VECTOR('',#3184,1.);
#1863=VECTOR('',#3185,1.);
#1864=VECTOR('',#3186,1.);
#1865=VECTOR('',#3189,1.);
#1866=VECTOR('',#3190,1.);
#1867=VECTOR('',#3191,1.);
#1868=VECTOR('',#3194,1.);
#1869=VECTOR('',#3195,1.);
#1870=VECTOR('',#3196,1.);
#1871=VECTOR('',#3199,1.);
#1872=VECTOR('',#3200,1.);
#1873=VECTOR('',#3201,1.);
#1874=VECTOR('',#3204,1.);
#1875=VECTOR('',#3205,1.);
#1876=VECTOR('',#3206,1.);
#1877=VECTOR('',#3209,1.);
#1878=VECTOR('',#3210,1.);
#1879=EDGE_LOOP('',(#26,#27,#28,#29));
#1880=EDGE_LOOP('',(#30,#31,#32,#33));
#1881=EDGE_LOOP('',(#34,#35,#36,#37));
#1882=EDGE_LOOP('',(#38,#39,#40,#41));
#1883=EDGE_LOOP('',(#42,#43,#44,#45));
#1884=EDGE_LOOP('',(#46,#47,#48,#49));
#1885=EDGE_LOOP('',(#50,#51,#52,#53));
#1886=EDGE_LOOP('',(#54,#55,#56,#57));
#1887=EDGE_LOOP('',(#58,#59,#60,#61));
#1888=EDGE_LOOP('',(#62,#63,#64,#65));
#1889=EDGE_LOOP('',(#66,#67,#68,#69));
#1890=EDGE_LOOP('',(#70,#71,#72,#73));
#1891=EDGE_LOOP('',(#74,#75,#76,#77));
#1892=EDGE_LOOP('',(#78,#79,#80,#81));
#1893=EDGE_LOOP('',(#82,#83,#84,#85));
#1894=EDGE_LOOP('',(#86,#87,#88,#89));
#1895=EDGE_LOOP('',(#90,#91,#92,#93));
#1896=EDGE_LOOP('',(#94,#95,#96,#97,#98,#99,#100,#101,#102,#103,#104,#105,
#106,#107,#108,#109,#110));
#1897=EDGE_LOOP('',(#111,#112,#113,#114,#115,#116,#117,#118,#119,#120,#121,
#122,#123,#124,#125,#126,#127));
#1898=EDGE_LOOP('',(#128,#129,#130,#131));
#1899=EDGE_LOOP('',(#132,#133,#134,#135));
#1900=EDGE_LOOP('',(#136,#137,#138,#139));
#1901=EDGE_LOOP('',(#140,#141,#142,#143));
#1902=EDGE_LOOP('',(#144,#145,#146,#147));
#1903=EDGE_LOOP('',(#148,#149,#150,#151));
#1904=EDGE_LOOP('',(#152,#153,#154,#155));
#1905=EDGE_LOOP('',(#156,#157,#158,#159));
#1906=EDGE_LOOP('',(#160,#161,#162,#163));
#1907=EDGE_LOOP('',(#164,#165,#166,#167));
#1908=EDGE_LOOP('',(#168,#169,#170,#171));
#1909=EDGE_LOOP('',(#172,#173,#174,#175));
#1910=EDGE_LOOP('',(#176,#177,#178,#179));
#1911=EDGE_LOOP('',(#180,#181,#182,#183));
#1912=EDGE_LOOP('',(#184,#185,#186,#187));
#1913=EDGE_LOOP('',(#188,#189,#190,#191));
#1914=EDGE_LOOP('',(#192,#193,#194,#195));
#1915=EDGE_LOOP('',(#196,#197,#198,#199));
#1916=EDGE_LOOP('',(#200,#201,#202,#203));
#1917=EDGE_LOOP('',(#204,#205,#206,#207));
#1918=EDGE_LOOP('',(#208,#209,#210,#211,#212,#213,#214,#215,#216,#217,#218,
#219,#220,#221,#222,#223,#224,#225,#226,#227));
#1919=EDGE_LOOP('',(#228,#229,#230,#231,#232,#233,#234,#235,#236,#237,#238,
#239,#240,#241,#242,#243,#244,#245,#246,#247));
#1920=EDGE_LOOP('',(#248,#249,#250,#251));
#1921=EDGE_LOOP('',(#252,#253,#254,#255));
#1922=EDGE_LOOP('',(#256,#257,#258,#259));
#1923=EDGE_LOOP('',(#260,#261,#262,#263));
#1924=EDGE_LOOP('',(#264,#265,#266,#267));
#1925=EDGE_LOOP('',(#268,#269,#270,#271));
#1926=EDGE_LOOP('',(#272,#273,#274,#275));
#1927=EDGE_LOOP('',(#276,#277,#278,#279));
#1928=EDGE_LOOP('',(#280,#281,#282,#283));
#1929=EDGE_LOOP('',(#284,#285,#286,#287));
#1930=EDGE_LOOP('',(#288,#289,#290,#291));
#1931=EDGE_LOOP('',(#292,#293,#294,#295));
#1932=EDGE_LOOP('',(#296,#297,#298,#299));
#1933=EDGE_LOOP('',(#300,#301,#302,#303));
#1934=EDGE_LOOP('',(#304,#305,#306,#307));
#1935=EDGE_LOOP('',(#308,#309,#310,#311));
#1936=EDGE_LOOP('',(#312,#313,#314,#315));
#1937=EDGE_LOOP('',(#316,#317,#318,#319));
#1938=EDGE_LOOP('',(#320,#321,#322,#323,#324,#325,#326,#327,#328,#329,#330,
#331));
#1939=EDGE_LOOP('',(#332,#333,#334,#335,#336,#337,#338,#339,#340,#341,#342,
#343));
#1940=EDGE_LOOP('',(#344,#345,#346,#347));
#1941=EDGE_LOOP('',(#348,#349,#350,#351));
#1942=EDGE_LOOP('',(#352,#353,#354,#355));
#1943=EDGE_LOOP('',(#356,#357,#358,#359));
#1944=EDGE_LOOP('',(#360,#361,#362,#363));
#1945=EDGE_LOOP('',(#364,#365,#366,#367));
#1946=EDGE_LOOP('',(#368,#369,#370,#371));
#1947=EDGE_LOOP('',(#372,#373,#374,#375));
#1948=EDGE_LOOP('',(#376,#377,#378,#379));
#1949=EDGE_LOOP('',(#380,#381,#382,#383));
#1950=EDGE_LOOP('',(#384,#385,#386,#387));
#1951=EDGE_LOOP('',(#388,#389,#390,#391,#392,#393));
#1952=EDGE_LOOP('',(#394,#395,#396,#397));
#1953=EDGE_LOOP('',(#398,#399,#400,#401,#402,#403));
#1954=EDGE_LOOP('',(#404,#405,#406,#407));
#1955=EDGE_LOOP('',(#408,#409,#410,#411));
#1956=EDGE_LOOP('',(#412,#413,#414,#415));
#1957=EDGE_LOOP('',(#416,#417,#418,#419));
#1958=EDGE_LOOP('',(#420,#421,#422,#423));
#1959=EDGE_LOOP('',(#424,#425,#426,#427));
#1960=EDGE_LOOP('',(#428,#429,#430,#431));
#1961=EDGE_LOOP('',(#432,#433,#434,#435));
#1962=EDGE_LOOP('',(#436,#437,#438,#439));
#1963=EDGE_LOOP('',(#440,#441,#442,#443));
#1964=EDGE_LOOP('',(#444,#445,#446,#447));
#1965=EDGE_LOOP('',(#448,#449,#450,#451));
#1966=EDGE_LOOP('',(#452,#453,#454,#455));
#1967=EDGE_LOOP('',(#456,#457,#458,#459));
#1968=EDGE_LOOP('',(#460,#461,#462,#463));
#1969=EDGE_LOOP('',(#464,#465,#466,#467));
#1970=EDGE_LOOP('',(#468,#469,#470,#471));
#1971=EDGE_LOOP('',(#472,#473,#474,#475));
#1972=EDGE_LOOP('',(#476,#477,#478,#479));
#1973=EDGE_LOOP('',(#480,#481,#482,#483));
#1974=EDGE_LOOP('',(#484,#485,#486,#487));
#1975=EDGE_LOOP('',(#488,#489,#490,#491));
#1976=EDGE_LOOP('',(#492,#493,#494,#495));
#1977=EDGE_LOOP('',(#496,#497,#498,#499));
#1978=EDGE_LOOP('',(#500,#501,#502,#503));
#1979=EDGE_LOOP('',(#504,#505,#506,#507));
#1980=EDGE_LOOP('',(#508,#509,#510,#511));
#1981=EDGE_LOOP('',(#512,#513,#514,#515));
#1982=EDGE_LOOP('',(#516,#517,#518,#519));
#1983=EDGE_LOOP('',(#520,#521,#522,#523));
#1984=EDGE_LOOP('',(#524,#525,#526,#527,#528,#529,#530,#531,#532,#533,#534,
#535));
#1985=EDGE_LOOP('',(#536,#537,#538,#539,#540,#541,#542,#543));
#1986=EDGE_LOOP('',(#544,#545,#546,#547));
#1987=EDGE_LOOP('',(#548,#549,#550,#551));
#1988=EDGE_LOOP('',(#552,#553,#554,#555,#556,#557,#558,#559,#560,#561,#562,
#563));
#1989=EDGE_LOOP('',(#564,#565,#566,#567,#568,#569,#570,#571));
#1990=EDGE_LOOP('',(#572,#573,#574,#575));
#1991=EDGE_LOOP('',(#576,#577,#578,#579));
#1992=EDGE_LOOP('',(#580,#581,#582,#583));
#1993=EDGE_LOOP('',(#584,#585,#586,#587));
#1994=EDGE_LOOP('',(#588,#589,#590,#591));
#1995=EDGE_LOOP('',(#592,#593,#594,#595));
#1996=EDGE_LOOP('',(#596,#597,#598,#599));
#1997=EDGE_LOOP('',(#600,#601,#602,#603));
#1998=EDGE_LOOP('',(#604,#605,#606,#607));
#1999=EDGE_LOOP('',(#608,#609,#610,#611));
#2000=EDGE_LOOP('',(#612,#613,#614,#615));
#2001=EDGE_LOOP('',(#616,#617,#618,#619));
#2002=EDGE_LOOP('',(#620,#621,#622,#623,#624,#625,#626,#627));
#2003=EDGE_LOOP('',(#628,#629,#630,#631));
#2004=EDGE_LOOP('',(#632,#633,#634,#635,#636,#637,#638,#639));
#2005=EDGE_LOOP('',(#640,#641,#642,#643));
#2006=EDGE_LOOP('',(#644,#645,#646,#647));
#2007=EDGE_LOOP('',(#648,#649,#650,#651));
#2008=EDGE_LOOP('',(#652,#653,#654,#655));
#2009=EDGE_LOOP('',(#656,#657,#658,#659));
#2010=EDGE_LOOP('',(#660,#661,#662,#663));
#2011=EDGE_LOOP('',(#664,#665,#666,#667));
#2012=EDGE_LOOP('',(#668,#669,#670,#671,#672,#673));
#2013=EDGE_LOOP('',(#674,#675,#676,#677,#678,#679));
#2014=FACE_BOUND('',#1879,.T.);
#2015=FACE_BOUND('',#1880,.T.);
#2016=FACE_BOUND('',#1881,.T.);
#2017=FACE_BOUND('',#1882,.T.);
#2018=FACE_BOUND('',#1883,.T.);
#2019=FACE_BOUND('',#1884,.T.);
#2020=FACE_BOUND('',#1885,.T.);
#2021=FACE_BOUND('',#1886,.T.);
#2022=FACE_BOUND('',#1887,.T.);
#2023=FACE_BOUND('',#1888,.T.);
#2024=FACE_BOUND('',#1889,.T.);
#2025=FACE_BOUND('',#1890,.T.);
#2026=FACE_BOUND('',#1891,.T.);
#2027=FACE_BOUND('',#1892,.T.);
#2028=FACE_BOUND('',#1893,.T.);
#2029=FACE_BOUND('',#1894,.T.);
#2030=FACE_BOUND('',#1895,.T.);
#2031=FACE_BOUND('',#1896,.T.);
#2032=FACE_BOUND('',#1897,.T.);
#2033=FACE_BOUND('',#1898,.T.);
#2034=FACE_BOUND('',#1899,.T.);
#2035=FACE_BOUND('',#1900,.T.);
#2036=FACE_BOUND('',#1901,.T.);
#2037=FACE_BOUND('',#1902,.T.);
#2038=FACE_BOUND('',#1903,.T.);
#2039=FACE_BOUND('',#1904,.T.);
#2040=FACE_BOUND('',#1905,.T.);
#2041=FACE_BOUND('',#1906,.T.);
#2042=FACE_BOUND('',#1907,.T.);
#2043=FACE_BOUND('',#1908,.T.);
#2044=FACE_BOUND('',#1909,.T.);
#2045=FACE_BOUND('',#1910,.T.);
#2046=FACE_BOUND('',#1911,.T.);
#2047=FACE_BOUND('',#1912,.T.);
#2048=FACE_BOUND('',#1913,.T.);
#2049=FACE_BOUND('',#1914,.T.);
#2050=FACE_BOUND('',#1915,.T.);
#2051=FACE_BOUND('',#1916,.T.);
#2052=FACE_BOUND('',#1917,.T.);
#2053=FACE_BOUND('',#1918,.T.);
#2054=FACE_BOUND('',#1919,.T.);
#2055=FACE_BOUND('',#1920,.T.);
#2056=FACE_BOUND('',#1921,.T.);
#2057=FACE_BOUND('',#1922,.T.);
#2058=FACE_BOUND('',#1923,.T.);
#2059=FACE_BOUND('',#1924,.T.);
#2060=FACE_BOUND('',#1925,.T.);
#2061=FACE_BOUND('',#1926,.T.);
#2062=FACE_BOUND('',#1927,.T.);
#2063=FACE_BOUND('',#1928,.T.);
#2064=FACE_BOUND('',#1929,.T.);
#2065=FACE_BOUND('',#1930,.T.);
#2066=FACE_BOUND('',#1931,.T.);
#2067=FACE_BOUND('',#1932,.T.);
#2068=FACE_BOUND('',#1933,.T.);
#2069=FACE_BOUND('',#1934,.T.);
#2070=FACE_BOUND('',#1935,.T.);
#2071=FACE_BOUND('',#1936,.T.);
#2072=FACE_BOUND('',#1937,.T.);
#2073=FACE_BOUND('',#1938,.T.);
#2074=FACE_BOUND('',#1939,.T.);
#2075=FACE_BOUND('',#1940,.T.);
#2076=FACE_BOUND('',#1941,.T.);
#2077=FACE_BOUND('',#1942,.T.);
#2078=FACE_BOUND('',#1943,.T.);
#2079=FACE_BOUND('',#1944,.T.);
#2080=FACE_BOUND('',#1945,.T.);
#2081=FACE_BOUND('',#1946,.T.);
#2082=FACE_BOUND('',#1947,.T.);
#2083=FACE_BOUND('',#1948,.T.);
#2084=FACE_BOUND('',#1949,.T.);
#2085=FACE_BOUND('',#1950,.T.);
#2086=FACE_BOUND('',#1951,.T.);
#2087=FACE_BOUND('',#1952,.T.);
#2088=FACE_BOUND('',#1953,.T.);
#2089=FACE_BOUND('',#1954,.T.);
#2090=FACE_BOUND('',#1955,.T.);
#2091=FACE_BOUND('',#1956,.T.);
#2092=FACE_BOUND('',#1957,.T.);
#2093=FACE_BOUND('',#1958,.T.);
#2094=FACE_BOUND('',#1959,.T.);
#2095=FACE_BOUND('',#1960,.T.);
#2096=FACE_BOUND('',#1961,.T.);
#2097=FACE_BOUND('',#1962,.T.);
#2098=FACE_BOUND('',#1963,.T.);
#2099=FACE_BOUND('',#1964,.T.);
#2100=FACE_BOUND('',#1965,.T.);
#2101=FACE_BOUND('',#1966,.T.);
#2102=FACE_BOUND('',#1967,.T.);
#2103=FACE_BOUND('',#1968,.T.);
#2104=FACE_BOUND('',#1969,.T.);
#2105=FACE_BOUND('',#1970,.T.);
#2106=FACE_BOUND('',#1971,.T.);
#2107=FACE_BOUND('',#1972,.T.);
#2108=FACE_BOUND('',#1973,.T.);
#2109=FACE_BOUND('',#1974,.T.);
#2110=FACE_BOUND('',#1975,.T.);
#2111=FACE_BOUND('',#1976,.T.);
#2112=FACE_BOUND('',#1977,.T.);
#2113=FACE_BOUND('',#1978,.T.);
#2114=FACE_BOUND('',#1979,.T.);
#2115=FACE_BOUND('',#1980,.T.);
#2116=FACE_BOUND('',#1981,.T.);
#2117=FACE_BOUND('',#1982,.T.);
#2118=FACE_BOUND('',#1983,.T.);
#2119=FACE_BOUND('',#1984,.T.);
#2120=FACE_BOUND('',#1985,.T.);
#2121=FACE_BOUND('',#1986,.T.);
#2122=FACE_BOUND('',#1987,.T.);
#2123=FACE_BOUND('',#1988,.T.);
#2124=FACE_BOUND('',#1989,.T.);
#2125=FACE_BOUND('',#1990,.T.);
#2126=FACE_BOUND('',#1991,.T.);
#2127=FACE_BOUND('',#1992,.T.);
#2128=FACE_BOUND('',#1993,.T.);
#2129=FACE_BOUND('',#1994,.T.);
#2130=FACE_BOUND('',#1995,.T.);
#2131=FACE_BOUND('',#1996,.T.);
#2132=FACE_BOUND('',#1997,.T.);
#2133=FACE_BOUND('',#1998,.T.);
#2134=FACE_BOUND('',#1999,.T.);
#2135=FACE_BOUND('',#2000,.T.);
#2136=FACE_BOUND('',#2001,.T.);
#2137=FACE_BOUND('',#2002,.T.);
#2138=FACE_BOUND('',#2003,.T.);
#2139=FACE_BOUND('',#2004,.T.);
#2140=FACE_BOUND('',#2005,.T.);
#2141=FACE_BOUND('',#2006,.T.);
#2142=FACE_BOUND('',#2007,.T.);
#2143=FACE_BOUND('',#2008,.T.);
#2144=FACE_BOUND('',#2009,.T.);
#2145=FACE_BOUND('',#2010,.T.);
#2146=FACE_BOUND('',#2011,.T.);
#2147=FACE_BOUND('',#2012,.T.);
#2148=FACE_BOUND('',#2013,.T.);
#2149=PLANE('',#2490);
#2150=PLANE('',#2491);
#2151=PLANE('',#2492);
#2152=PLANE('',#2493);
#2153=PLANE('',#2494);
#2154=PLANE('',#2495);
#2155=PLANE('',#2496);
#2156=PLANE('',#2497);
#2157=PLANE('',#2498);
#2158=PLANE('',#2499);
#2159=PLANE('',#2500);
#2160=PLANE('',#2501);
#2161=PLANE('',#2502);
#2162=PLANE('',#2503);
#2163=PLANE('',#2504);
#2164=PLANE('',#2505);
#2165=PLANE('',#2506);
#2166=PLANE('',#2507);
#2167=PLANE('',#2508);
#2168=PLANE('',#2510);
#2169=PLANE('',#2511);
#2170=PLANE('',#2512);
#2171=PLANE('',#2513);
#2172=PLANE('',#2514);
#2173=PLANE('',#2515);
#2174=PLANE('',#2516);
#2175=PLANE('',#2517);
#2176=PLANE('',#2518);
#2177=PLANE('',#2519);
#2178=PLANE('',#2520);
#2179=PLANE('',#2521);
#2180=PLANE('',#2522);
#2181=PLANE('',#2523);
#2182=PLANE('',#2524);
#2183=PLANE('',#2525);
#2184=PLANE('',#2526);
#2185=PLANE('',#2527);
#2186=PLANE('',#2528);
#2187=PLANE('',#2529);
#2188=PLANE('',#2530);
#2189=PLANE('',#2531);
#2190=PLANE('',#2533);
#2191=PLANE('',#2534);
#2192=PLANE('',#2535);
#2193=PLANE('',#2536);
#2194=PLANE('',#2537);
#2195=PLANE('',#2538);
#2196=PLANE('',#2540);
#2197=PLANE('',#2541);
#2198=PLANE('',#2542);
#2199=PLANE('',#2543);
#2200=PLANE('',#2544);
#2201=PLANE('',#2545);
#2202=PLANE('',#2546);
#2203=PLANE('',#2547);
#2204=PLANE('',#2548);
#2205=PLANE('',#2549);
#2206=PLANE('',#2550);
#2207=PLANE('',#2551);
#2208=PLANE('',#2552);
#2209=PLANE('',#2553);
#2210=PLANE('',#2555);
#2211=PLANE('',#2556);
#2212=PLANE('',#2557);
#2213=PLANE('',#2558);
#2214=PLANE('',#2559);
#2215=PLANE('',#2560);
#2216=PLANE('',#2561);
#2217=PLANE('',#2562);
#2218=PLANE('',#2563);
#2219=PLANE('',#2564);
#2220=PLANE('',#2565);
#2221=PLANE('',#2566);
#2222=PLANE('',#2568);
#2223=PLANE('',#2569);
#2224=PLANE('',#2570);
#2225=PLANE('',#2571);
#2226=PLANE('',#2572);
#2227=PLANE('',#2573);
#2228=PLANE('',#2574);
#2229=PLANE('',#2575);
#2230=PLANE('',#2576);
#2231=PLANE('',#2577);
#2232=PLANE('',#2578);
#2233=PLANE('',#2579);
#2234=PLANE('',#2580);
#2235=PLANE('',#2581);
#2236=PLANE('',#2582);
#2237=PLANE('',#2583);
#2238=PLANE('',#2584);
#2239=PLANE('',#2585);
#2240=PLANE('',#2586);
#2241=PLANE('',#2587);
#2242=PLANE('',#2588);
#2243=PLANE('',#2589);
#2244=PLANE('',#2590);
#2245=PLANE('',#2591);
#2246=PLANE('',#2592);
#2247=PLANE('',#2593);
#2248=PLANE('',#2594);
#2249=PLANE('',#2595);
#2250=PLANE('',#2596);
#2251=PLANE('',#2597);
#2252=PLANE('',#2599);
#2253=PLANE('',#2600);
#2254=PLANE('',#2601);
#2255=PLANE('',#2602);
#2256=PLANE('',#2603);
#2257=PLANE('',#2604);
#2258=PLANE('',#2605);
#2259=PLANE('',#2606);
#2260=PLANE('',#2607);
#2261=PLANE('',#2608);
#2262=PLANE('',#2609);
#2263=PLANE('',#2610);
#2264=PLANE('',#2611);
#2265=PLANE('',#2612);
#2266=PLANE('',#2614);
#2267=PLANE('',#2615);
#2268=PLANE('',#2616);
#2269=PLANE('',#2617);
#2270=PLANE('',#2618);
#2271=PLANE('',#2619);
#2272=PLANE('',#2620);
#2273=PLANE('',#2621);
#2274=ADVANCED_FACE('',(#2014),#2149,.T.);
#2275=ADVANCED_FACE('',(#2015),#2150,.T.);
#2276=ADVANCED_FACE('',(#2016),#2151,.T.);
#2277=ADVANCED_FACE('',(#2017),#2152,.T.);
#2278=ADVANCED_FACE('',(#2018),#2153,.T.);
#2279=ADVANCED_FACE('',(#2019),#2154,.T.);
#2280=ADVANCED_FACE('',(#2020),#2155,.T.);
#2281=ADVANCED_FACE('',(#2021),#2156,.T.);
#2282=ADVANCED_FACE('',(#2022),#2157,.T.);
#2283=ADVANCED_FACE('',(#2023),#2158,.T.);
#2284=ADVANCED_FACE('',(#2024),#2159,.T.);
#2285=ADVANCED_FACE('',(#2025),#2160,.T.);
#2286=ADVANCED_FACE('',(#2026),#2161,.F.);
#2287=ADVANCED_FACE('',(#2027),#2162,.F.);
#2288=ADVANCED_FACE('',(#2028),#2163,.T.);
#2289=ADVANCED_FACE('',(#2029),#2164,.T.);
#2290=ADVANCED_FACE('',(#2030),#2165,.T.);
#2291=ADVANCED_FACE('',(#2031),#2166,.T.);
#2292=ADVANCED_FACE('',(#2032),#2167,.F.);
#2293=ADVANCED_FACE('',(#2033),#2168,.T.);
#2294=ADVANCED_FACE('',(#2034),#2169,.T.);
#2295=ADVANCED_FACE('',(#2035),#2170,.T.);
#2296=ADVANCED_FACE('',(#2036),#2171,.T.);
#2297=ADVANCED_FACE('',(#2037),#2172,.T.);
#2298=ADVANCED_FACE('',(#2038),#2173,.T.);
#2299=ADVANCED_FACE('',(#2039),#2174,.T.);
#2300=ADVANCED_FACE('',(#2040),#2175,.T.);
#2301=ADVANCED_FACE('',(#2041),#2176,.T.);
#2302=ADVANCED_FACE('',(#2042),#2177,.T.);
#2303=ADVANCED_FACE('',(#2043),#2178,.T.);
#2304=ADVANCED_FACE('',(#2044),#2179,.T.);
#2305=ADVANCED_FACE('',(#2045),#2180,.T.);
#2306=ADVANCED_FACE('',(#2046),#2181,.T.);
#2307=ADVANCED_FACE('',(#2047),#2182,.T.);
#2308=ADVANCED_FACE('',(#2048),#2183,.T.);
#2309=ADVANCED_FACE('',(#2049),#2184,.T.);
#2310=ADVANCED_FACE('',(#2050),#2185,.T.);
#2311=ADVANCED_FACE('',(#2051),#2186,.T.);
#2312=ADVANCED_FACE('',(#2052),#2187,.T.);
#2313=ADVANCED_FACE('',(#2053),#2188,.T.);
#2314=ADVANCED_FACE('',(#2054),#2189,.F.);
#2315=ADVANCED_FACE('',(#2055),#2190,.T.);
#2316=ADVANCED_FACE('',(#2056),#2191,.T.);
#2317=ADVANCED_FACE('',(#2057),#2192,.T.);
#2318=ADVANCED_FACE('',(#2058),#2193,.T.);
#2319=ADVANCED_FACE('',(#2059),#2194,.T.);
#2320=ADVANCED_FACE('',(#2060),#2195,.F.);
#2321=ADVANCED_FACE('',(#2061),#2196,.T.);
#2322=ADVANCED_FACE('',(#2062),#2197,.F.);
#2323=ADVANCED_FACE('',(#2063),#2198,.T.);
#2324=ADVANCED_FACE('',(#2064),#2199,.T.);
#2325=ADVANCED_FACE('',(#2065),#2200,.T.);
#2326=ADVANCED_FACE('',(#2066),#2201,.T.);
#2327=ADVANCED_FACE('',(#2067),#2202,.T.);
#2328=ADVANCED_FACE('',(#2068),#2203,.T.);
#2329=ADVANCED_FACE('',(#2069),#2204,.T.);
#2330=ADVANCED_FACE('',(#2070),#2205,.T.);
#2331=ADVANCED_FACE('',(#2071),#2206,.T.);
#2332=ADVANCED_FACE('',(#2072),#2207,.T.);
#2333=ADVANCED_FACE('',(#2073),#2208,.T.);
#2334=ADVANCED_FACE('',(#2074),#2209,.F.);
#2335=ADVANCED_FACE('',(#2075),#2210,.F.);
#2336=ADVANCED_FACE('',(#2076),#2211,.F.);
#2337=ADVANCED_FACE('',(#2077),#2212,.T.);
#2338=ADVANCED_FACE('',(#2078),#2213,.T.);
#2339=ADVANCED_FACE('',(#2079),#2214,.T.);
#2340=ADVANCED_FACE('',(#2080),#2215,.T.);
#2341=ADVANCED_FACE('',(#2081),#2216,.T.);
#2342=ADVANCED_FACE('',(#2082),#2217,.T.);
#2343=ADVANCED_FACE('',(#2083),#2218,.T.);
#2344=ADVANCED_FACE('',(#2084),#2219,.T.);
#2345=ADVANCED_FACE('',(#2085,#2086),#2220,.T.);
#2346=ADVANCED_FACE('',(#2087,#2088),#2221,.F.);
#2347=ADVANCED_FACE('',(#2089),#2222,.T.);
#2348=ADVANCED_FACE('',(#2090),#2223,.F.);
#2349=ADVANCED_FACE('',(#2091),#2224,.F.);
#2350=ADVANCED_FACE('',(#2092),#2225,.F.);
#2351=ADVANCED_FACE('',(#2093),#2226,.T.);
#2352=ADVANCED_FACE('',(#2094),#2227,.F.);
#2353=ADVANCED_FACE('',(#2095),#2228,.F.);
#2354=ADVANCED_FACE('',(#2096),#2229,.T.);
#2355=ADVANCED_FACE('',(#2097),#2230,.T.);
#2356=ADVANCED_FACE('',(#2098),#2231,.T.);
#2357=ADVANCED_FACE('',(#2099),#2232,.T.);
#2358=ADVANCED_FACE('',(#2100),#2233,.T.);
#2359=ADVANCED_FACE('',(#2101),#2234,.T.);
#2360=ADVANCED_FACE('',(#2102),#2235,.T.);
#2361=ADVANCED_FACE('',(#2103),#2236,.T.);
#2362=ADVANCED_FACE('',(#2104),#2237,.T.);
#2363=ADVANCED_FACE('',(#2105),#2238,.T.);
#2364=ADVANCED_FACE('',(#2106),#2239,.T.);
#2365=ADVANCED_FACE('',(#2107),#2240,.T.);
#2366=ADVANCED_FACE('',(#2108),#2241,.T.);
#2367=ADVANCED_FACE('',(#2109),#2242,.T.);
#2368=ADVANCED_FACE('',(#2110),#2243,.T.);
#2369=ADVANCED_FACE('',(#2111),#2244,.T.);
#2370=ADVANCED_FACE('',(#2112),#2245,.T.);
#2371=ADVANCED_FACE('',(#2113),#2246,.T.);
#2372=ADVANCED_FACE('',(#2114),#2247,.T.);
#2373=ADVANCED_FACE('',(#2115),#2248,.T.);
#2374=ADVANCED_FACE('',(#2116),#2249,.F.);
#2375=ADVANCED_FACE('',(#2117,#2118,#2119,#2120),#2250,.T.);
#2376=ADVANCED_FACE('',(#2121,#2122,#2123,#2124),#2251,.F.);
#2377=ADVANCED_FACE('',(#2125),#2252,.T.);
#2378=ADVANCED_FACE('',(#2126),#2253,.T.);
#2379=ADVANCED_FACE('',(#2127),#2254,.T.);
#2380=ADVANCED_FACE('',(#2128),#2255,.T.);
#2381=ADVANCED_FACE('',(#2129),#2256,.T.);
#2382=ADVANCED_FACE('',(#2130),#2257,.T.);
#2383=ADVANCED_FACE('',(#2131),#2258,.T.);
#2384=ADVANCED_FACE('',(#2132),#2259,.T.);
#2385=ADVANCED_FACE('',(#2133),#2260,.T.);
#2386=ADVANCED_FACE('',(#2134),#2261,.T.);
#2387=ADVANCED_FACE('',(#2135),#2262,.T.);
#2388=ADVANCED_FACE('',(#2136),#2263,.T.);
#2389=ADVANCED_FACE('',(#2137,#2138),#2264,.T.);
#2390=ADVANCED_FACE('',(#2139,#2140),#2265,.F.);
#2391=ADVANCED_FACE('',(#2141),#2266,.T.);
#2392=ADVANCED_FACE('',(#2142),#2267,.F.);
#2393=ADVANCED_FACE('',(#2143),#2268,.F.);
#2394=ADVANCED_FACE('',(#2144),#2269,.F.);
#2395=ADVANCED_FACE('',(#2145),#2270,.F.);
#2396=ADVANCED_FACE('',(#2146),#2271,.T.);
#2397=ADVANCED_FACE('',(#2147),#2272,.T.);
#2398=ADVANCED_FACE('',(#2148),#2273,.F.);
#2399=CLOSED_SHELL('',(#2274,#2275,#2276,#2277,#2278,#2279,#2280,#2281,
#2282,#2283,#2284,#2285,#2286,#2287,#2288,#2289,#2290,#2291,#2292));
#2400=CLOSED_SHELL('',(#2293,#2294,#2295,#2296,#2297,#2298,#2299,#2300,
#2301,#2302,#2303,#2304,#2305,#2306,#2307,#2308,#2309,#2310,#2311,#2312,
#2313,#2314));
#2401=CLOSED_SHELL('',(#2315,#2316,#2317,#2318,#2319,#2320));
#2402=CLOSED_SHELL('',(#2321,#2322,#2323,#2324,#2325,#2326,#2327,#2328,
#2329,#2330,#2331,#2332,#2333,#2334));
#2403=CLOSED_SHELL('',(#2335,#2336,#2337,#2338,#2339,#2340,#2341,#2342,
#2343,#2344,#2345,#2346));
#2404=CLOSED_SHELL('',(#2347,#2348,#2349,#2350,#2351,#2352,#2353,#2354,
#2355,#2356,#2357,#2358,#2359,#2360,#2361,#2362,#2363,#2364,#2365,#2366,
#2367,#2368,#2369,#2370,#2371,#2372,#2373,#2374,#2375,#2376));
#2405=CLOSED_SHELL('',(#2377,#2378,#2379,#2380,#2381,#2382,#2383,#2384,
#2385,#2386,#2387,#2388,#2389,#2390));
#2406=CLOSED_SHELL('',(#2391,#2392,#2393,#2394,#2395,#2396,#2397,#2398));
#2407=STYLED_ITEM('',(#2415),#2465);
#2408=STYLED_ITEM('',(#2416),#2466);
#2409=STYLED_ITEM('',(#2417),#2467);
#2410=STYLED_ITEM('',(#2418),#2468);
#2411=STYLED_ITEM('',(#2419),#2469);
#2412=STYLED_ITEM('',(#2420),#2470);
#2413=STYLED_ITEM('',(#2421),#2471);
#2414=STYLED_ITEM('',(#2422),#2472);
#2415=PRESENTATION_STYLE_ASSIGNMENT((#2423));
#2416=PRESENTATION_STYLE_ASSIGNMENT((#2424));
#2417=PRESENTATION_STYLE_ASSIGNMENT((#2425));
#2418=PRESENTATION_STYLE_ASSIGNMENT((#2426));
#2419=PRESENTATION_STYLE_ASSIGNMENT((#2427));
#2420=PRESENTATION_STYLE_ASSIGNMENT((#2428));
#2421=PRESENTATION_STYLE_ASSIGNMENT((#2429));
#2422=PRESENTATION_STYLE_ASSIGNMENT((#2430));
#2423=SURFACE_STYLE_USAGE(.BOTH.,#2431);
#2424=SURFACE_STYLE_USAGE(.BOTH.,#2432);
#2425=SURFACE_STYLE_USAGE(.BOTH.,#2433);
#2426=SURFACE_STYLE_USAGE(.BOTH.,#2434);
#2427=SURFACE_STYLE_USAGE(.BOTH.,#2435);
#2428=SURFACE_STYLE_USAGE(.BOTH.,#2436);
#2429=SURFACE_STYLE_USAGE(.BOTH.,#2437);
#2430=SURFACE_STYLE_USAGE(.BOTH.,#2438);
#2431=SURFACE_SIDE_STYLE('',(#2439));
#2432=SURFACE_SIDE_STYLE('',(#2440));
#2433=SURFACE_SIDE_STYLE('',(#2441));
#2434=SURFACE_SIDE_STYLE('',(#2442));
#2435=SURFACE_SIDE_STYLE('',(#2443));
#2436=SURFACE_SIDE_STYLE('',(#2444));
#2437=SURFACE_SIDE_STYLE('',(#2445));
#2438=SURFACE_SIDE_STYLE('',(#2446));
#2439=SURFACE_STYLE_FILL_AREA(#2447);
#2440=SURFACE_STYLE_FILL_AREA(#2448);
#2441=SURFACE_STYLE_FILL_AREA(#2449);
#2442=SURFACE_STYLE_FILL_AREA(#2450);
#2443=SURFACE_STYLE_FILL_AREA(#2451);
#2444=SURFACE_STYLE_FILL_AREA(#2452);
#2445=SURFACE_STYLE_FILL_AREA(#2453);
#2446=SURFACE_STYLE_FILL_AREA(#2454);
#2447=FILL_AREA_STYLE('',(#2455));
#2448=FILL_AREA_STYLE('',(#2456));
#2449=FILL_AREA_STYLE('',(#2457));
#2450=FILL_AREA_STYLE('',(#2458));
#2451=FILL_AREA_STYLE('',(#2459));
#2452=FILL_AREA_STYLE('',(#2460));
#2453=FILL_AREA_STYLE('',(#2461));
#2454=FILL_AREA_STYLE('',(#2462));
#2455=FILL_AREA_STYLE_COLOUR('',#2463);
#2456=FILL_AREA_STYLE_COLOUR('',#2463);
#2457=FILL_AREA_STYLE_COLOUR('',#2463);
#2458=FILL_AREA_STYLE_COLOUR('',#2463);
#2459=FILL_AREA_STYLE_COLOUR('',#2463);
#2460=FILL_AREA_STYLE_COLOUR('',#2463);
#2461=FILL_AREA_STYLE_COLOUR('',#2463);
#2462=FILL_AREA_STYLE_COLOUR('',#2464);
#2463=COLOUR_RGB('',0.662745098039216,0.627450980392157,0.615686274509804);
#2464=COLOUR_RGB('',0.105882352941176,0.333333333333334,0.);
#2465=MANIFOLD_SOLID_BREP('N',#2399);
#2466=MANIFOLD_SOLID_BREP('M',#2400);
#2467=MANIFOLD_SOLID_BREP('I',#2401);
#2468=MANIFOLD_SOLID_BREP('E',#2402);
#2469=MANIFOLD_SOLID_BREP('P',#2403);
#2470=MANIFOLD_SOLID_BREP('A',#2404);
#2471=MANIFOLD_SOLID_BREP('D',#2405);
#2472=MANIFOLD_SOLID_BREP('Logo',#2406);
#2473=SHAPE_DEFINITION_REPRESENTATION(#3941,#2481);
#2474=SHAPE_DEFINITION_REPRESENTATION(#3942,#2482);
#2475=SHAPE_DEFINITION_REPRESENTATION(#3943,#2483);
#2476=SHAPE_DEFINITION_REPRESENTATION(#3944,#2484);
#2477=SHAPE_DEFINITION_REPRESENTATION(#3945,#2485);
#2478=SHAPE_DEFINITION_REPRESENTATION(#3946,#2486);
#2479=SHAPE_DEFINITION_REPRESENTATION(#3947,#2487);
#2480=SHAPE_DEFINITION_REPRESENTATION(#3948,#2488);
#2481=SHAPE_REPRESENTATION('N',(#2489),#3901);
#2482=SHAPE_REPRESENTATION('M',(#2509),#3902);
#2483=SHAPE_REPRESENTATION('I',(#2532),#3903);
#2484=SHAPE_REPRESENTATION('E',(#2539),#3904);
#2485=SHAPE_REPRESENTATION('P',(#2554),#3905);
#2486=SHAPE_REPRESENTATION('A',(#2567),#3906);
#2487=SHAPE_REPRESENTATION('D',(#2598),#3907);
#2488=SHAPE_REPRESENTATION('Logo',(#2613),#3908);
#2489=AXIS2_PLACEMENT_3D('',#3215,#2622,#2623);
#2490=AXIS2_PLACEMENT_3D('',#3216,#2624,#2625);
#2491=AXIS2_PLACEMENT_3D('',#3225,#2630,#2631);
#2492=AXIS2_PLACEMENT_3D('',#3231,#2635,#2636);
#2493=AXIS2_PLACEMENT_3D('',#3237,#2640,#2641);
#2494=AXIS2_PLACEMENT_3D('',#3243,#2645,#2646);
#2495=AXIS2_PLACEMENT_3D('',#3249,#2650,#2651);
#2496=AXIS2_PLACEMENT_3D('',#3255,#2655,#2656);
#2497=AXIS2_PLACEMENT_3D('',#3261,#2660,#2661);
#2498=AXIS2_PLACEMENT_3D('',#3267,#2665,#2666);
#2499=AXIS2_PLACEMENT_3D('',#3273,#2670,#2671);
#2500=AXIS2_PLACEMENT_3D('',#3279,#2675,#2676);
#2501=AXIS2_PLACEMENT_3D('',#3285,#2680,#2681);
#2502=AXIS2_PLACEMENT_3D('',#3291,#2685,#2686);
#2503=AXIS2_PLACEMENT_3D('',#3297,#2690,#2691);
#2504=AXIS2_PLACEMENT_3D('',#3303,#2695,#2696);
#2505=AXIS2_PLACEMENT_3D('',#3309,#2700,#2701);
#2506=AXIS2_PLACEMENT_3D('',#3315,#2705,#2706);
#2507=AXIS2_PLACEMENT_3D('',#3318,#2709,#2710);
#2508=AXIS2_PLACEMENT_3D('',#3319,#2711,#2712);
#2509=AXIS2_PLACEMENT_3D('',#3320,#2713,#2714);
#2510=AXIS2_PLACEMENT_3D('',#3321,#2715,#2716);
#2511=AXIS2_PLACEMENT_3D('',#3330,#2721,#2722);
#2512=AXIS2_PLACEMENT_3D('',#3336,#2726,#2727);
#2513=AXIS2_PLACEMENT_3D('',#3342,#2731,#2732);
#2514=AXIS2_PLACEMENT_3D('',#3348,#2736,#2737);
#2515=AXIS2_PLACEMENT_3D('',#3354,#2741,#2742);
#2516=AXIS2_PLACEMENT_3D('',#3360,#2746,#2747);
#2517=AXIS2_PLACEMENT_3D('',#3366,#2751,#2752);
#2518=AXIS2_PLACEMENT_3D('',#3372,#2756,#2757);
#2519=AXIS2_PLACEMENT_3D('',#3378,#2761,#2762);
#2520=AXIS2_PLACEMENT_3D('',#3384,#2766,#2767);
#2521=AXIS2_PLACEMENT_3D('',#3390,#2771,#2772);
#2522=AXIS2_PLACEMENT_3D('',#3396,#2776,#2777);
#2523=AXIS2_PLACEMENT_3D('',#3402,#2781,#2782);
#2524=AXIS2_PLACEMENT_3D('',#3408,#2786,#2787);
#2525=AXIS2_PLACEMENT_3D('',#3414,#2791,#2792);
#2526=AXIS2_PLACEMENT_3D('',#3420,#2796,#2797);
#2527=AXIS2_PLACEMENT_3D('',#3426,#2801,#2802);
#2528=AXIS2_PLACEMENT_3D('',#3432,#2806,#2807);
#2529=AXIS2_PLACEMENT_3D('',#3438,#2811,#2812);
#2530=AXIS2_PLACEMENT_3D('',#3441,#2815,#2816);
#2531=AXIS2_PLACEMENT_3D('',#3442,#2817,#2818);
#2532=AXIS2_PLACEMENT_3D('',#3443,#2819,#2820);
#2533=AXIS2_PLACEMENT_3D('',#3444,#2821,#2822);
#2534=AXIS2_PLACEMENT_3D('',#3453,#2827,#2828);
#2535=AXIS2_PLACEMENT_3D('',#3459,#2832,#2833);
#2536=AXIS2_PLACEMENT_3D('',#3465,#2837,#2838);
#2537=AXIS2_PLACEMENT_3D('',#3468,#2841,#2842);
#2538=AXIS2_PLACEMENT_3D('',#3469,#2843,#2844);
#2539=AXIS2_PLACEMENT_3D('',#3470,#2845,#2846);
#2540=AXIS2_PLACEMENT_3D('',#3471,#2847,#2848);
#2541=AXIS2_PLACEMENT_3D('',#3480,#2853,#2854);
#2542=AXIS2_PLACEMENT_3D('',#3486,#2858,#2859);
#2543=AXIS2_PLACEMENT_3D('',#3492,#2863,#2864);
#2544=AXIS2_PLACEMENT_3D('',#3498,#2868,#2869);
#2545=AXIS2_PLACEMENT_3D('',#3504,#2873,#2874);
#2546=AXIS2_PLACEMENT_3D('',#3510,#2878,#2879);
#2547=AXIS2_PLACEMENT_3D('',#3516,#2883,#2884);
#2548=AXIS2_PLACEMENT_3D('',#3522,#2888,#2889);
#2549=AXIS2_PLACEMENT_3D('',#3528,#2893,#2894);
#2550=AXIS2_PLACEMENT_3D('',#3534,#2898,#2899);
#2551=AXIS2_PLACEMENT_3D('',#3540,#2903,#2904);
#2552=AXIS2_PLACEMENT_3D('',#3543,#2907,#2908);
#2553=AXIS2_PLACEMENT_3D('',#3544,#2909,#2910);
#2554=AXIS2_PLACEMENT_3D('',#3545,#2911,#2912);
#2555=AXIS2_PLACEMENT_3D('',#3546,#2913,#2914);
#2556=AXIS2_PLACEMENT_3D('',#3555,#2919,#2920);
#2557=AXIS2_PLACEMENT_3D('',#3561,#2924,#2925);
#2558=AXIS2_PLACEMENT_3D('',#3567,#2929,#2930);
#2559=AXIS2_PLACEMENT_3D('',#3573,#2934,#2935);
#2560=AXIS2_PLACEMENT_3D('',#3579,#2939,#2940);
#2561=AXIS2_PLACEMENT_3D('',#3588,#2945,#2946);
#2562=AXIS2_PLACEMENT_3D('',#3594,#2950,#2951);
#2563=AXIS2_PLACEMENT_3D('',#3600,#2955,#2956);
#2564=AXIS2_PLACEMENT_3D('',#3603,#2959,#2960);
#2565=AXIS2_PLACEMENT_3D('',#3606,#2963,#2964);
#2566=AXIS2_PLACEMENT_3D('',#3607,#2965,#2966);
#2567=AXIS2_PLACEMENT_3D('',#3608,#2967,#2968);
#2568=AXIS2_PLACEMENT_3D('',#3609,#2969,#2970);
#2569=AXIS2_PLACEMENT_3D('',#3618,#2975,#2976);
#2570=AXIS2_PLACEMENT_3D('',#3624,#2980,#2981);
#2571=AXIS2_PLACEMENT_3D('',#3630,#2985,#2986);
#2572=AXIS2_PLACEMENT_3D('',#3636,#2990,#2991);
#2573=AXIS2_PLACEMENT_3D('',#3642,#2995,#2996);
#2574=AXIS2_PLACEMENT_3D('',#3648,#3000,#3001);
#2575=AXIS2_PLACEMENT_3D('',#3654,#3005,#3006);
#2576=AXIS2_PLACEMENT_3D('',#3663,#3011,#3012);
#2577=AXIS2_PLACEMENT_3D('',#3669,#3016,#3017);
#2578=AXIS2_PLACEMENT_3D('',#3675,#3021,#3022);
#2579=AXIS2_PLACEMENT_3D('',#3681,#3026,#3027);
#2580=AXIS2_PLACEMENT_3D('',#3687,#3031,#3032);
#2581=AXIS2_PLACEMENT_3D('',#3693,#3036,#3037);
#2582=AXIS2_PLACEMENT_3D('',#3699,#3041,#3042);
#2583=AXIS2_PLACEMENT_3D('',#3705,#3046,#3047);
#2584=AXIS2_PLACEMENT_3D('',#3711,#3051,#3052);
#2585=AXIS2_PLACEMENT_3D('',#3717,#3056,#3057);
#2586=AXIS2_PLACEMENT_3D('',#3723,#3061,#3062);
#2587=AXIS2_PLACEMENT_3D('',#3732,#3067,#3068);
#2588=AXIS2_PLACEMENT_3D('',#3738,#3072,#3073);
#2589=AXIS2_PLACEMENT_3D('',#3744,#3077,#3078);
#2590=AXIS2_PLACEMENT_3D('',#3753,#3083,#3084);
#2591=AXIS2_PLACEMENT_3D('',#3759,#3088,#3089);
#2592=AXIS2_PLACEMENT_3D('',#3765,#3093,#3094);
#2593=AXIS2_PLACEMENT_3D('',#3768,#3097,#3098);
#2594=AXIS2_PLACEMENT_3D('',#3771,#3101,#3102);
#2595=AXIS2_PLACEMENT_3D('',#3774,#3105,#3106);
#2596=AXIS2_PLACEMENT_3D('',#3777,#3109,#3110);
#2597=AXIS2_PLACEMENT_3D('',#3778,#3111,#3112);
#2598=AXIS2_PLACEMENT_3D('',#3779,#3113,#3114);
#2599=AXIS2_PLACEMENT_3D('',#3780,#3115,#3116);
#2600=AXIS2_PLACEMENT_3D('',#3789,#3121,#3122);
#2601=AXIS2_PLACEMENT_3D('',#3795,#3126,#3127);
#2602=AXIS2_PLACEMENT_3D('',#3801,#3131,#3132);
#2603=AXIS2_PLACEMENT_3D('',#3810,#3137,#3138);
#2604=AXIS2_PLACEMENT_3D('',#3816,#3142,#3143);
#2605=AXIS2_PLACEMENT_3D('',#3822,#3147,#3148);
#2606=AXIS2_PLACEMENT_3D('',#3828,#3152,#3153);
#2607=AXIS2_PLACEMENT_3D('',#3834,#3157,#3158);
#2608=AXIS2_PLACEMENT_3D('',#3840,#3162,#3163);
#2609=AXIS2_PLACEMENT_3D('',#3846,#3167,#3168);
#2610=AXIS2_PLACEMENT_3D('',#3849,#3171,#3172);
#2611=AXIS2_PLACEMENT_3D('',#3852,#3175,#3176);
#2612=AXIS2_PLACEMENT_3D('',#3853,#3177,#3178);
#2613=AXIS2_PLACEMENT_3D('',#3854,#3179,#3180);
#2614=AXIS2_PLACEMENT_3D('',#3855,#3181,#3182);
#2615=AXIS2_PLACEMENT_3D('',#3864,#3187,#3188);
#2616=AXIS2_PLACEMENT_3D('',#3870,#3192,#3193);
#2617=AXIS2_PLACEMENT_3D('',#3876,#3197,#3198);
#2618=AXIS2_PLACEMENT_3D('',#3882,#3202,#3203);
#2619=AXIS2_PLACEMENT_3D('',#3888,#3207,#3208);
#2620=AXIS2_PLACEMENT_3D('',#3891,#3211,#3212);
#2621=AXIS2_PLACEMENT_3D('',#3892,#3213,#3214);
#2622=DIRECTION('',(0.,0.,1.));
#2623=DIRECTION('',(1.,0.,0.));
#2624=DIRECTION('',(0.,-1.,0.));
#2625=DIRECTION('',(0.,0.,-1.));
#2626=DIRECTION('',(-1.,0.,0.));
#2627=DIRECTION('',(0.,0.,-1.));
#2628=DIRECTION('',(-1.,0.,0.));
#2629=DIRECTION('',(0.,0.,-1.));
#2630=DIRECTION('',(-1.,0.,0.));
#2631=DIRECTION('',(0.,0.,1.));
#2632=DIRECTION('',(0.,1.,0.));
#2633=DIRECTION('',(0.,0.,-1.));
#2634=DIRECTION('',(0.,1.,0.));
#2635=DIRECTION('',(0.,-1.,0.));
#2636=DIRECTION('',(0.,0.,-1.));
#2637=DIRECTION('',(-1.,0.,0.));
#2638=DIRECTION('',(0.,0.,-1.));
#2639=DIRECTION('',(-1.,0.,0.));
#2640=DIRECTION('',(1.,0.,0.));
#2641=DIRECTION('',(0.,0.,-1.));
#2642=DIRECTION('',(0.,-1.,0.));
#2643=DIRECTION('',(0.,0.,-1.));
#2644=DIRECTION('',(0.,-1.,0.));
#2645=DIRECTION('',(0.,1.,0.));
#2646=DIRECTION('',(0.,0.,1.));
#2647=DIRECTION('',(1.,0.,0.));
#2648=DIRECTION('',(0.,0.,-1.));
#2649=DIRECTION('',(1.,0.,0.));
#2650=DIRECTION('',(-1.,0.,0.));
#2651=DIRECTION('',(0.,0.,1.));
#2652=DIRECTION('',(0.,1.,0.));
#2653=DIRECTION('',(0.,0.,-1.));
#2654=DIRECTION('',(0.,1.,0.));
#2655=DIRECTION('',(0.,1.,0.));
#2656=DIRECTION('',(0.,0.,1.));
#2657=DIRECTION('',(1.,0.,0.));
#2658=DIRECTION('',(0.,0.,-1.));
#2659=DIRECTION('',(1.,0.,0.));
#2660=DIRECTION('',(1.,0.,0.));
#2661=DIRECTION('',(0.,0.,-1.));
#2662=DIRECTION('',(0.,-1.,0.));
#2663=DIRECTION('',(0.,0.,-1.));
#2664=DIRECTION('',(0.,-1.,0.));
#2665=DIRECTION('',(0.,1.,0.));
#2666=DIRECTION('',(0.,0.,1.));
#2667=DIRECTION('',(1.,0.,0.));
#2668=DIRECTION('',(0.,0.,-1.));
#2669=DIRECTION('',(1.,0.,0.));
#2670=DIRECTION('',(1.,0.,0.));
#2671=DIRECTION('',(0.,0.,-1.));
#2672=DIRECTION('',(0.,-1.,0.));
#2673=DIRECTION('',(0.,0.,-1.));
#2674=DIRECTION('',(0.,-1.,0.));
#2675=DIRECTION('',(0.,1.,0.));
#2676=DIRECTION('',(0.,0.,1.));
#2677=DIRECTION('',(1.,0.,0.));
#2678=DIRECTION('',(0.,0.,-1.));
#2679=DIRECTION('',(1.,0.,0.));
#2680=DIRECTION('',(-1.,0.,0.));
#2681=DIRECTION('',(0.,0.,1.));
#2682=DIRECTION('',(0.,1.,0.));
#2683=DIRECTION('',(0.,0.,-1.));
#2684=DIRECTION('',(0.,1.,0.));
#2685=DIRECTION('',(0.,1.,0.));
#2686=DIRECTION('',(0.,0.,1.));
#2687=DIRECTION('',(1.,0.,0.));
#2688=DIRECTION('',(0.,0.,-1.));
#2689=DIRECTION('',(1.,0.,0.));
#2690=DIRECTION('',(-1.,0.,0.));
#2691=DIRECTION('',(0.,0.,1.));
#2692=DIRECTION('',(0.,1.,0.));
#2693=DIRECTION('',(0.,0.,-1.));
#2694=DIRECTION('',(0.,1.,0.));
#2695=DIRECTION('',(0.999995592143152,0.00296912348476497,0.));
#2696=DIRECTION('',(-0.00296912348476497,0.999995592143152,0.));
#2697=DIRECTION('',(0.00296912348476497,-0.999995592143151,0.));
#2698=DIRECTION('',(0.,0.,-1.));
#2699=DIRECTION('',(0.00296912348476497,-0.999995592143151,0.));
#2700=DIRECTION('',(0.,-1.,0.));
#2701=DIRECTION('',(0.,0.,-1.));
#2702=DIRECTION('',(-1.,0.,0.));
#2703=DIRECTION('',(0.,0.,-1.));
#2704=DIRECTION('',(-1.,0.,0.));
#2705=DIRECTION('',(-1.,0.,0.));
#2706=DIRECTION('',(0.,0.,1.));
#2707=DIRECTION('',(0.,1.,0.));
#2708=DIRECTION('',(0.,1.,0.));
#2709=DIRECTION('',(0.,0.,1.));
#2710=DIRECTION('',(1.,0.,0.));
#2711=DIRECTION('',(0.,0.,1.));
#2712=DIRECTION('',(1.,0.,0.));
#2713=DIRECTION('',(0.,0.,1.));
#2714=DIRECTION('',(1.,0.,0.));
#2715=DIRECTION('',(1.,0.,0.));
#2716=DIRECTION('',(0.,0.,-1.));
#2717=DIRECTION('',(0.,-1.,0.));
#2718=DIRECTION('',(0.,0.,-1.));
#2719=DIRECTION('',(0.,-1.,0.));
#2720=DIRECTION('',(0.,0.,-1.));
#2721=DIRECTION('',(0.,-1.,0.));
#2722=DIRECTION('',(0.,0.,-1.));
#2723=DIRECTION('',(-1.,0.,0.));
#2724=DIRECTION('',(0.,0.,-1.));
#2725=DIRECTION('',(-1.,0.,0.));
#2726=DIRECTION('',(-1.,0.,0.));
#2727=DIRECTION('',(0.,0.,1.));
#2728=DIRECTION('',(0.,1.,0.));
#2729=DIRECTION('',(0.,0.,-1.));
#2730=DIRECTION('',(0.,1.,0.));
#2731=DIRECTION('',(0.,-1.,0.));
#2732=DIRECTION('',(0.,0.,-1.));
#2733=DIRECTION('',(-1.,0.,0.));
#2734=DIRECTION('',(0.,0.,-1.));
#2735=DIRECTION('',(-1.,0.,0.));
#2736=DIRECTION('',(1.,0.,0.));
#2737=DIRECTION('',(0.,0.,-1.));
#2738=DIRECTION('',(0.,-1.,0.));
#2739=DIRECTION('',(0.,0.,-1.));
#2740=DIRECTION('',(0.,-1.,0.));
#2741=DIRECTION('',(0.,-1.,0.));
#2742=DIRECTION('',(0.,0.,-1.));
#2743=DIRECTION('',(-1.,0.,0.));
#2744=DIRECTION('',(0.,0.,-1.));
#2745=DIRECTION('',(-1.,0.,0.));
#2746=DIRECTION('',(-1.,0.,0.));
#2747=DIRECTION('',(0.,0.,1.));
#2748=DIRECTION('',(0.,1.,0.));
#2749=DIRECTION('',(0.,0.,-1.));
#2750=DIRECTION('',(0.,1.,0.));
#2751=DIRECTION('',(0.,-1.,0.));
#2752=DIRECTION('',(0.,0.,-1.));
#2753=DIRECTION('',(-1.,0.,0.));
#2754=DIRECTION('',(0.,0.,-1.));
#2755=DIRECTION('',(-1.,0.,0.));
#2756=DIRECTION('',(1.,0.,0.));
#2757=DIRECTION('',(0.,0.,-1.));
#2758=DIRECTION('',(0.,-1.,0.));
#2759=DIRECTION('',(0.,0.,-1.));
#2760=DIRECTION('',(0.,-1.,0.));
#2761=DIRECTION('',(0.,1.,0.));
#2762=DIRECTION('',(0.,0.,1.));
#2763=DIRECTION('',(1.,0.,0.));
#2764=DIRECTION('',(0.,0.,-1.));
#2765=DIRECTION('',(1.,0.,0.));
#2766=DIRECTION('',(-1.,0.,0.));
#2767=DIRECTION('',(0.,0.,1.));
#2768=DIRECTION('',(0.,1.,0.));
#2769=DIRECTION('',(0.,0.,-1.));
#2770=DIRECTION('',(0.,1.,0.));
#2771=DIRECTION('',(0.,1.,0.));
#2772=DIRECTION('',(0.,0.,1.));
#2773=DIRECTION('',(1.,0.,0.));
#2774=DIRECTION('',(0.,0.,-1.));
#2775=DIRECTION('',(1.,0.,0.));
#2776=DIRECTION('',(-1.,0.,0.));
#2777=DIRECTION('',(0.,0.,1.));
#2778=DIRECTION('',(0.,1.,0.));
#2779=DIRECTION('',(0.,0.,-1.));
#2780=DIRECTION('',(0.,1.,0.));
#2781=DIRECTION('',(0.,1.,0.));
#2782=DIRECTION('',(0.,0.,1.));
#2783=DIRECTION('',(1.,0.,0.));
#2784=DIRECTION('',(0.,0.,-1.));
#2785=DIRECTION('',(1.,0.,0.));
#2786=DIRECTION('',(1.,0.,0.));
#2787=DIRECTION('',(0.,0.,-1.));
#2788=DIRECTION('',(0.,-1.,0.));
#2789=DIRECTION('',(0.,0.,-1.));
#2790=DIRECTION('',(0.,-1.,0.));
#2791=DIRECTION('',(0.,1.,0.));
#2792=DIRECTION('',(0.,0.,1.));
#2793=DIRECTION('',(1.,0.,0.));
#2794=DIRECTION('',(0.,0.,-1.));
#2795=DIRECTION('',(1.,0.,0.));
#2796=DIRECTION('',(1.,0.,0.));
#2797=DIRECTION('',(0.,0.,-1.));
#2798=DIRECTION('',(0.,-1.,0.));
#2799=DIRECTION('',(0.,0.,-1.));
#2800=DIRECTION('',(0.,-1.,0.));
#2801=DIRECTION('',(0.,1.,0.));
#2802=DIRECTION('',(0.,0.,1.));
#2803=DIRECTION('',(1.,0.,0.));
#2804=DIRECTION('',(0.,0.,-1.));
#2805=DIRECTION('',(1.,0.,0.));
#2806=DIRECTION('',(-1.,0.,0.));
#2807=DIRECTION('',(0.,0.,1.));
#2808=DIRECTION('',(0.,1.,0.));
#2809=DIRECTION('',(0.,0.,-1.));
#2810=DIRECTION('',(0.,1.,0.));
#2811=DIRECTION('',(0.000929872319301529,-0.999999567668641,0.));
#2812=DIRECTION('',(0.999999567668641,0.000929872319301529,0.));
#2813=DIRECTION('',(-0.999999567668641,-0.000929872319301529,0.));
#2814=DIRECTION('',(-0.999999567668641,-0.000929872319301529,0.));
#2815=DIRECTION('',(0.,0.,1.));
#2816=DIRECTION('',(1.,0.,0.));
#2817=DIRECTION('',(0.,0.,1.));
#2818=DIRECTION('',(1.,0.,0.));
#2819=DIRECTION('',(0.,0.,1.));
#2820=DIRECTION('',(1.,0.,0.));
#2821=DIRECTION('',(-0.00722721821678132,-0.999973883317383,0.));
#2822=DIRECTION('',(0.999973883317383,-0.00722721821678132,0.));
#2823=DIRECTION('',(-0.999973883317383,0.00722721821678132,0.));
#2824=DIRECTION('',(0.,0.,-1.));
#2825=DIRECTION('',(-0.999973883317383,0.00722721821678132,0.));
#2826=DIRECTION('',(0.,0.,-1.));
#2827=DIRECTION('',(1.,0.,0.));
#2828=DIRECTION('',(0.,0.,-1.));
#2829=DIRECTION('',(0.,-1.,0.));
#2830=DIRECTION('',(0.,0.,-1.));
#2831=DIRECTION('',(0.,-1.,0.));
#2832=DIRECTION('',(0.00722721821678132,0.999973883317383,0.));
#2833=DIRECTION('',(-0.999973883317383,0.00722721821678132,0.));
#2834=DIRECTION('',(0.999973883317383,-0.00722721821678132,0.));
#2835=DIRECTION('',(0.,0.,-1.));
#2836=DIRECTION('',(0.999973883317383,-0.00722721821678132,0.));
#2837=DIRECTION('',(-1.,0.,0.));
#2838=DIRECTION('',(0.,0.,1.));
#2839=DIRECTION('',(0.,1.,0.));
#2840=DIRECTION('',(0.,1.,0.));
#2841=DIRECTION('',(0.,0.,1.));
#2842=DIRECTION('',(1.,0.,0.));
#2843=DIRECTION('',(0.,0.,1.));
#2844=DIRECTION('',(1.,0.,0.));
#2845=DIRECTION('',(0.,0.,1.));
#2846=DIRECTION('',(1.,0.,0.));
#2847=DIRECTION('',(-0.999995943967049,-0.00284816598032613,0.));
#2848=DIRECTION('',(0.00284816598032613,-0.999995943967049,0.));
#2849=DIRECTION('',(-0.00284816598032613,0.999995943967049,0.));
#2850=DIRECTION('',(0.,0.,-1.));
#2851=DIRECTION('',(-0.00284816598032613,0.999995943967049,0.));
#2852=DIRECTION('',(0.,0.,-1.));
#2853=DIRECTION('',(0.,1.,0.));
#2854=DIRECTION('',(0.,0.,1.));
#2855=DIRECTION('',(1.,0.,0.));
#2856=DIRECTION('',(0.,0.,-1.));
#2857=DIRECTION('',(1.,0.,0.));
#2858=DIRECTION('',(0.999878553551729,0.0155845483509083,0.));
#2859=DIRECTION('',(-0.0155845483509083,0.999878553551729,0.));
#2860=DIRECTION('',(0.0155845483509083,-0.999878553551729,0.));
#2861=DIRECTION('',(0.,0.,-1.));
#2862=DIRECTION('',(0.0155845483509083,-0.999878553551729,0.));
#2863=DIRECTION('',(0.,1.,0.));
#2864=DIRECTION('',(0.,0.,1.));
#2865=DIRECTION('',(1.,0.,0.));
#2866=DIRECTION('',(0.,0.,-1.));
#2867=DIRECTION('',(1.,0.,0.));
#2868=DIRECTION('',(0.999995943967049,0.00284816598033477,0.));
#2869=DIRECTION('',(-0.00284816598033477,0.999995943967048,0.));
#2870=DIRECTION('',(0.00284816598033477,-0.999995943967049,0.));
#2871=DIRECTION('',(0.,0.,-1.));
#2872=DIRECTION('',(0.00284816598033477,-0.999995943967049,0.));
#2873=DIRECTION('',(0.,-1.,0.));
#2874=DIRECTION('',(0.,0.,-1.));
#2875=DIRECTION('',(-1.,0.,0.));
#2876=DIRECTION('',(0.,0.,-1.));
#2877=DIRECTION('',(-1.,0.,0.));
#2878=DIRECTION('',(0.999995943967049,0.00284816598032724,0.));
#2879=DIRECTION('',(-0.00284816598032724,0.999995943967049,0.));
#2880=DIRECTION('',(0.00284816598032724,-0.999995943967049,0.));
#2881=DIRECTION('',(0.,0.,-1.));
#2882=DIRECTION('',(0.00284816598032724,-0.999995943967049,0.));
#2883=DIRECTION('',(0.,1.,0.));
#2884=DIRECTION('',(0.,0.,1.));
#2885=DIRECTION('',(1.,0.,0.));
#2886=DIRECTION('',(0.,0.,-1.));
#2887=DIRECTION('',(1.,0.,0.));
#2888=DIRECTION('',(0.999995943967049,0.00284816598031947,0.));
#2889=DIRECTION('',(-0.00284816598031947,0.999995943967049,0.));
#2890=DIRECTION('',(0.00284816598031947,-0.999995943967049,0.));
#2891=DIRECTION('',(0.,0.,-1.));
#2892=DIRECTION('',(0.00284816598031947,-0.999995943967049,0.));
#2893=DIRECTION('',(0.,-1.,0.));
#2894=DIRECTION('',(0.,0.,-1.));
#2895=DIRECTION('',(-1.,0.,0.));
#2896=DIRECTION('',(0.,0.,-1.));
#2897=DIRECTION('',(-1.,0.,0.));
#2898=DIRECTION('',(0.999995943967049,0.00284816598032745,0.));
#2899=DIRECTION('',(-0.00284816598032745,0.999995943967049,0.));
#2900=DIRECTION('',(0.00284816598032745,-0.999995943967049,0.));
#2901=DIRECTION('',(0.,0.,-1.));
#2902=DIRECTION('',(0.00284816598032745,-0.999995943967049,0.));
#2903=DIRECTION('',(0.,1.,0.));
#2904=DIRECTION('',(0.,0.,1.));
#2905=DIRECTION('',(1.,0.,0.));
#2906=DIRECTION('',(1.,0.,0.));
#2907=DIRECTION('',(0.,0.,1.));
#2908=DIRECTION('',(1.,0.,0.));
#2909=DIRECTION('',(0.,0.,1.));
#2910=DIRECTION('',(1.,0.,0.));
#2911=DIRECTION('',(0.,0.,1.));
#2912=DIRECTION('',(1.,0.,0.));
#2913=DIRECTION('',(-1.,0.,0.));
#2914=DIRECTION('',(0.,0.,1.));
#2915=DIRECTION('',(0.,1.,0.));
#2916=DIRECTION('',(0.,0.,-1.));
#2917=DIRECTION('',(0.,1.,0.));
#2918=DIRECTION('',(0.,0.,-1.));
#2919=DIRECTION('',(-0.00717086979720466,0.999974288982648,0.));
#2920=DIRECTION('',(-0.999974288982648,-0.00717086979720467,0.));
#2921=DIRECTION('',(0.999974288982648,0.00717086979720466,0.));
#2922=DIRECTION('',(0.,0.,-1.));
#2923=DIRECTION('',(0.999974288982648,0.00717086979720466,0.));
#2924=DIRECTION('',(0.999950964461431,0.00990296282205741,0.));
#2925=DIRECTION('',(-0.00990296282205741,0.999950964461431,0.));
#2926=DIRECTION('',(0.00990296282205741,-0.999950964461431,0.));
#2927=DIRECTION('',(0.,0.,-1.));
#2928=DIRECTION('',(0.00990296282205741,-0.999950964461431,0.));
#2929=DIRECTION('',(-1.21854679851618E-14,1.,0.));
#2930=DIRECTION('',(-1.,-1.21854679851618E-14,0.));
#2931=DIRECTION('',(1.,1.21854679851618E-14,0.));
#2932=DIRECTION('',(0.,0.,-1.));
#2933=DIRECTION('',(1.,1.21854679851618E-14,0.));
#2934=DIRECTION('',(-0.999974288982648,-0.00717086979720765,0.));
#2935=DIRECTION('',(0.00717086979720765,-0.999974288982648,0.));
#2936=DIRECTION('',(-0.00717086979720765,0.999974288982648,0.));
#2937=DIRECTION('',(0.,0.,-1.));
#2938=DIRECTION('',(-0.00717086979720765,0.999974288982648,0.));
#2939=DIRECTION('',(0.999974288982648,0.00717086979720865,0.));
#2940=DIRECTION('',(-0.00717086979720865,0.999974288982648,0.));
#2941=DIRECTION('',(0.00717086979720865,-0.999974288982648,0.));
#2942=DIRECTION('',(0.,0.,-1.));
#2943=DIRECTION('',(0.00717086979720865,-0.999974288982648,0.));
#2944=DIRECTION('',(0.,0.,-1.));
#2945=DIRECTION('',(-0.0163677321930486,-0.999866039698747,0.));
#2946=DIRECTION('',(0.999866039698747,-0.0163677321930486,0.));
#2947=DIRECTION('',(-0.999866039698747,0.0163677321930486,0.));
#2948=DIRECTION('',(0.,0.,-1.));
#2949=DIRECTION('',(-0.999866039698747,0.0163677321930486,0.));
#2950=DIRECTION('',(-0.999974288982648,-0.00717086979720283,0.));
#2951=DIRECTION('',(0.00717086979720283,-0.999974288982648,0.));
#2952=DIRECTION('',(-0.00717086979720283,0.999974288982648,0.));
#2953=DIRECTION('',(0.,0.,-1.));
#2954=DIRECTION('',(-0.00717086979720283,0.999974288982648,0.));
#2955=DIRECTION('',(-0.00717086979721205,0.999974288982648,0.));
#2956=DIRECTION('',(-0.999974288982648,-0.00717086979721205,0.));
#2957=DIRECTION('',(0.999974288982648,0.00717086979721205,0.));
#2958=DIRECTION('',(0.999974288982648,0.00717086979721205,0.));
#2959=DIRECTION('',(-0.00973677350648674,-0.999952596497296,0.));
#2960=DIRECTION('',(0.999952596497296,-0.00973677350648674,0.));
#2961=DIRECTION('',(-0.999952596497296,0.00973677350648674,0.));
#2962=DIRECTION('',(-0.999952596497296,0.00973677350648674,0.));
#2963=DIRECTION('',(0.,0.,1.));
#2964=DIRECTION('',(1.,0.,0.));
#2965=DIRECTION('',(0.,0.,1.));
#2966=DIRECTION('',(1.,0.,0.));
#2967=DIRECTION('',(0.,0.,1.));
#2968=DIRECTION('',(1.,0.,0.));
#2969=DIRECTION('',(0.,-1.,0.));
#2970=DIRECTION('',(0.,0.,-1.));
#2971=DIRECTION('',(-1.,0.,0.));
#2972=DIRECTION('',(0.,0.,-1.));
#2973=DIRECTION('',(-1.,0.,0.));
#2974=DIRECTION('',(0.,0.,-1.));
#2975=DIRECTION('',(-0.99997501062421,-0.00706952099592772,0.));
#2976=DIRECTION('',(0.00706952099592773,-0.99997501062421,0.));
#2977=DIRECTION('',(-0.00706952099592772,0.99997501062421,0.));
#2978=DIRECTION('',(0.,0.,-1.));
#2979=DIRECTION('',(-0.00706952099592772,0.99997501062421,0.));
#2980=DIRECTION('',(-0.00717086979720505,0.999974288982648,0.));
#2981=DIRECTION('',(-0.999974288982648,-0.00717086979720505,0.));
#2982=DIRECTION('',(0.999974288982648,0.00717086979720504,0.));
#2983=DIRECTION('',(0.,0.,-1.));
#2984=DIRECTION('',(0.999974288982648,0.00717086979720504,0.));
#2985=DIRECTION('',(0.999974288982648,0.0071708697972019,0.));
#2986=DIRECTION('',(-0.0071708697972019,0.999974288982648,0.));
#2987=DIRECTION('',(0.0071708697972019,-0.999974288982648,0.));
#2988=DIRECTION('',(0.,0.,-1.));
#2989=DIRECTION('',(0.0071708697972019,-0.999974288982648,0.));
#2990=DIRECTION('',(0.00717086979720735,-0.999974288982648,0.));
#2991=DIRECTION('',(0.999974288982648,0.00717086979720735,0.));
#2992=DIRECTION('',(-0.999974288982648,-0.00717086979720735,0.));
#2993=DIRECTION('',(0.,0.,-1.));
#2994=DIRECTION('',(-0.999974288982648,-0.00717086979720735,0.));
#2995=DIRECTION('',(-1.,0.,0.));
#2996=DIRECTION('',(0.,0.,1.));
#2997=DIRECTION('',(0.,1.,0.));
#2998=DIRECTION('',(0.,0.,-1.));
#2999=DIRECTION('',(0.,1.,0.));
#3000=DIRECTION('',(0.,-1.,0.));
#3001=DIRECTION('',(0.,0.,-1.));
#3002=DIRECTION('',(-1.,0.,0.));
#3003=DIRECTION('',(0.,0.,-1.));
#3004=DIRECTION('',(-1.,0.,0.));
#3005=DIRECTION('',(0.999974288982648,0.00717086979721147,0.));
#3006=DIRECTION('',(-0.00717086979721147,0.999974288982648,0.));
#3007=DIRECTION('',(0.00717086979721147,-0.999974288982648,0.));
#3008=DIRECTION('',(0.,0.,-1.));
#3009=DIRECTION('',(0.00717086979721147,-0.999974288982648,0.));
#3010=DIRECTION('',(0.,0.,-1.));
#3011=DIRECTION('',(-0.0131448781606964,-0.999913602356794,0.));
#3012=DIRECTION('',(0.999913602356794,-0.0131448781606964,0.));
#3013=DIRECTION('',(-0.999913602356794,0.0131448781606964,0.));
#3014=DIRECTION('',(0.,0.,-1.));
#3015=DIRECTION('',(-0.999913602356794,0.0131448781606964,0.));
#3016=DIRECTION('',(1.,0.,0.));
#3017=DIRECTION('',(0.,0.,-1.));
#3018=DIRECTION('',(0.,-1.,0.));
#3019=DIRECTION('',(0.,0.,-1.));
#3020=DIRECTION('',(0.,-1.,0.));
#3021=DIRECTION('',(0.,-1.,0.));
#3022=DIRECTION('',(0.,0.,-1.));
#3023=DIRECTION('',(-1.,0.,0.));
#3024=DIRECTION('',(0.,0.,-1.));
#3025=DIRECTION('',(-1.,0.,0.));
#3026=DIRECTION('',(-0.999974288982648,-0.00717086979721683,0.));
#3027=DIRECTION('',(0.00717086979721683,-0.999974288982648,0.));
#3028=DIRECTION('',(-0.00717086979721683,0.999974288982648,0.));
#3029=DIRECTION('',(0.,0.,-1.));
#3030=DIRECTION('',(-0.00717086979721683,0.999974288982648,0.));
#3031=DIRECTION('',(0.,-1.,0.));
#3032=DIRECTION('',(0.,0.,-1.));
#3033=DIRECTION('',(-1.,0.,0.));
#3034=DIRECTION('',(0.,0.,-1.));
#3035=DIRECTION('',(-1.,0.,0.));
#3036=DIRECTION('',(-0.999974288982648,-0.0071708697972102,0.));
#3037=DIRECTION('',(0.0071708697972102,-0.999974288982648,0.));
#3038=DIRECTION('',(-0.0071708697972102,0.999974288982648,0.));
#3039=DIRECTION('',(0.,0.,-1.));
#3040=DIRECTION('',(-0.0071708697972102,0.999974288982648,0.));
#3041=DIRECTION('',(0.,1.,0.));
#3042=DIRECTION('',(0.,0.,1.));
#3043=DIRECTION('',(1.,0.,0.));
#3044=DIRECTION('',(0.,0.,-1.));
#3045=DIRECTION('',(1.,0.,0.));
#3046=DIRECTION('',(0.999974288982648,0.00717086979720184,0.));
#3047=DIRECTION('',(-0.00717086979720184,0.999974288982648,0.));
#3048=DIRECTION('',(0.00717086979720184,-0.999974288982648,0.));
#3049=DIRECTION('',(0.,0.,-1.));
#3050=DIRECTION('',(0.00717086979720184,-0.999974288982648,0.));
#3051=DIRECTION('',(0.,1.,0.));
#3052=DIRECTION('',(0.,0.,1.));
#3053=DIRECTION('',(1.,0.,0.));
#3054=DIRECTION('',(0.,0.,-1.));
#3055=DIRECTION('',(1.,0.,0.));
#3056=DIRECTION('',(-0.999974288982648,-0.0071708697971988,0.));
#3057=DIRECTION('',(0.0071708697971988,-0.999974288982648,0.));
#3058=DIRECTION('',(-0.00717086979719879,0.999974288982648,0.));
#3059=DIRECTION('',(0.,0.,-1.));
#3060=DIRECTION('',(-0.00717086979719879,0.999974288982648,0.));
#3061=DIRECTION('',(1.,0.,0.));
#3062=DIRECTION('',(0.,0.,-1.));
#3063=DIRECTION('',(0.,-1.,0.));
#3064=DIRECTION('',(0.,0.,-1.));
#3065=DIRECTION('',(0.,-1.,0.));
#3066=DIRECTION('',(0.,0.,-1.));
#3067=DIRECTION('',(0.0232158280426145,-0.999730476342647,0.));
#3068=DIRECTION('',(0.999730476342647,0.0232158280426145,0.));
#3069=DIRECTION('',(-0.999730476342647,-0.0232158280426145,0.));
#3070=DIRECTION('',(0.,0.,-1.));
#3071=DIRECTION('',(-0.999730476342647,-0.0232158280426145,0.));
#3072=DIRECTION('',(-1.,0.,0.));
#3073=DIRECTION('',(0.,0.,1.));
#3074=DIRECTION('',(0.,1.,0.));
#3075=DIRECTION('',(0.,0.,-1.));
#3076=DIRECTION('',(0.,1.,0.));
#3077=DIRECTION('',(0.998543295847694,0.0539563371405461,0.));
#3078=DIRECTION('',(-0.0539563371405461,0.998543295847694,0.));
#3079=DIRECTION('',(0.0539563371405461,-0.998543295847694,0.));
#3080=DIRECTION('',(0.,0.,-1.));
#3081=DIRECTION('',(0.0539563371405461,-0.998543295847694,0.));
#3082=DIRECTION('',(0.,0.,-1.));
#3083=DIRECTION('',(-0.0181713094468133,-0.999834888125529,0.));
#3084=DIRECTION('',(0.999834888125529,-0.0181713094468133,0.));
#3085=DIRECTION('',(-0.999834888125529,0.0181713094468133,0.));
#3086=DIRECTION('',(0.,0.,-1.));
#3087=DIRECTION('',(-0.999834888125529,0.0181713094468133,0.));
#3088=DIRECTION('',(-1.,0.,0.));
#3089=DIRECTION('',(0.,0.,1.));
#3090=DIRECTION('',(0.,1.,0.));
#3091=DIRECTION('',(0.,0.,-1.));
#3092=DIRECTION('',(0.,1.,0.));
#3093=DIRECTION('',(0.,1.,0.));
#3094=DIRECTION('',(0.,0.,1.));
#3095=DIRECTION('',(1.,0.,0.));
#3096=DIRECTION('',(1.,0.,0.));
#3097=DIRECTION('',(0.,1.,0.));
#3098=DIRECTION('',(0.,0.,1.));
#3099=DIRECTION('',(1.,0.,0.));
#3100=DIRECTION('',(1.,0.,0.));
#3101=DIRECTION('',(0.,1.,0.));
#3102=DIRECTION('',(0.,0.,1.));
#3103=DIRECTION('',(1.,0.,0.));
#3104=DIRECTION('',(1.,0.,0.));
#3105=DIRECTION('',(0.999947197208348,0.0102763220642592,0.));
#3106=DIRECTION('',(-0.0102763220642592,0.999947197208349,0.));
#3107=DIRECTION('',(0.0102763220642592,-0.999947197208348,0.));
#3108=DIRECTION('',(0.0102763220642592,-0.999947197208348,0.));
#3109=DIRECTION('',(0.,0.,1.));
#3110=DIRECTION('',(1.,0.,0.));
#3111=DIRECTION('',(0.,0.,1.));
#3112=DIRECTION('',(1.,0.,0.));
#3113=DIRECTION('',(0.,0.,1.));
#3114=DIRECTION('',(1.,0.,0.));
#3115=DIRECTION('',(0.999998167064452,0.00191464559033252,0.));
#3116=DIRECTION('',(-0.00191464559033252,0.999998167064452,0.));
#3117=DIRECTION('',(0.00191464559033252,-0.999998167064452,0.));
#3118=DIRECTION('',(0.,0.,-1.));
#3119=DIRECTION('',(0.00191464559033252,-0.999998167064452,0.));
#3120=DIRECTION('',(0.,0.,-1.));
#3121=DIRECTION('',(0.0196038311405783,-0.999807826436967,0.));
#3122=DIRECTION('',(0.999807826436967,0.0196038311405783,0.));
#3123=DIRECTION('',(-0.999807826436967,-0.0196038311405783,0.));
#3124=DIRECTION('',(0.,0.,-1.));
#3125=DIRECTION('',(-0.999807826436967,-0.0196038311405783,0.));
#3126=DIRECTION('',(-0.999974288982648,-0.00717086979720634,0.));
#3127=DIRECTION('',(0.00717086979720634,-0.999974288982648,0.));
#3128=DIRECTION('',(-0.00717086979720634,0.999974288982648,0.));
#3129=DIRECTION('',(0.,0.,-1.));
#3130=DIRECTION('',(-0.00717086979720634,0.999974288982648,0.));
#3131=DIRECTION('',(0.00717086979721763,-0.999974288982648,0.));
#3132=DIRECTION('',(0.999974288982648,0.00717086979721763,0.));
#3133=DIRECTION('',(-0.999974288982648,-0.00717086979721763,0.));
#3134=DIRECTION('',(0.,0.,-1.));
#3135=DIRECTION('',(-0.999974288982648,-0.00717086979721763,0.));
#3136=DIRECTION('',(0.,0.,-1.));
#3137=DIRECTION('',(0.99999591298068,-0.00285902464766993,0.));
#3138=DIRECTION('',(0.00285902464766993,0.99999591298068,0.));
#3139=DIRECTION('',(-0.00285902464766993,-0.99999591298068,0.));
#3140=DIRECTION('',(0.,0.,-1.));
#3141=DIRECTION('',(-0.00285902464766993,-0.99999591298068,0.));
#3142=DIRECTION('',(-0.00717086979721666,0.999974288982648,0.));
#3143=DIRECTION('',(-0.999974288982648,-0.00717086979721666,0.));
#3144=DIRECTION('',(0.999974288982648,0.00717086979721666,0.));
#3145=DIRECTION('',(0.,0.,-1.));
#3146=DIRECTION('',(0.999974288982648,0.00717086979721666,0.));
#3147=DIRECTION('',(0.999974288982648,0.00717086979720073,0.));
#3148=DIRECTION('',(-0.00717086979720073,0.999974288982648,0.));
#3149=DIRECTION('',(0.00717086979720072,-0.999974288982648,0.));
#3150=DIRECTION('',(0.,0.,-1.));
#3151=DIRECTION('',(0.00717086979720072,-0.999974288982648,0.));
#3152=DIRECTION('',(-0.00191464559033339,0.999998167064452,0.));
#3153=DIRECTION('',(-0.999998167064452,-0.00191464559033339,0.));
#3154=DIRECTION('',(0.999998167064452,0.00191464559033339,0.));
#3155=DIRECTION('',(0.,0.,-1.));
#3156=DIRECTION('',(0.999998167064452,0.00191464559033339,0.));
#3157=DIRECTION('',(-0.999986577425764,-0.00518121301502055,0.));
#3158=DIRECTION('',(0.00518121301502055,-0.999986577425764,0.));
#3159=DIRECTION('',(-0.00518121301502055,0.999986577425764,0.));
#3160=DIRECTION('',(0.,0.,-1.));
#3161=DIRECTION('',(-0.00518121301502055,0.999986577425764,0.));
#3162=DIRECTION('',(0.00518121301501996,-0.999986577425764,0.));
#3163=DIRECTION('',(0.999986577425764,0.00518121301501996,0.));
#3164=DIRECTION('',(-0.999986577425764,-0.00518121301501996,0.));
#3165=DIRECTION('',(0.,0.,-1.));
#3166=DIRECTION('',(-0.999986577425764,-0.00518121301501996,0.));
#3167=DIRECTION('',(0.999998167064452,0.00191464559034465,0.));
#3168=DIRECTION('',(-0.00191464559034465,0.999998167064452,0.));
#3169=DIRECTION('',(0.00191464559034466,-0.999998167064452,0.));
#3170=DIRECTION('',(0.00191464559034466,-0.999998167064452,0.));
#3171=DIRECTION('',(-0.00717086979719609,0.999974288982648,0.));
#3172=DIRECTION('',(-0.999974288982648,-0.00717086979719609,0.));
#3173=DIRECTION('',(0.999974288982648,0.00717086979719609,0.));
#3174=DIRECTION('',(0.999974288982648,0.00717086979719609,0.));
#3175=DIRECTION('',(0.,0.,1.));
#3176=DIRECTION('',(1.,0.,0.));
#3177=DIRECTION('',(0.,0.,1.));
#3178=DIRECTION('',(1.,0.,0.));
#3179=DIRECTION('',(0.,0.,1.));
#3180=DIRECTION('',(1.,0.,0.));
#3181=DIRECTION('',(-0.394897792470991,0.918725058709916,0.));
#3182=DIRECTION('',(-0.918725058709916,-0.394897792470991,0.));
#3183=DIRECTION('',(0.918725058709916,0.394897792470991,0.));
#3184=DIRECTION('',(0.,0.,-1.));
#3185=DIRECTION('',(0.918725058709916,0.394897792470991,0.));
#3186=DIRECTION('',(0.,0.,-1.));
#3187=DIRECTION('',(1.,0.,0.));
#3188=DIRECTION('',(0.,0.,-1.));
#3189=DIRECTION('',(0.,-1.,0.));
#3190=DIRECTION('',(0.,0.,-1.));
#3191=DIRECTION('',(0.,-1.,0.));
#3192=DIRECTION('',(0.391969390829365,0.919978258793574,0.));
#3193=DIRECTION('',(-0.919978258793574,0.391969390829365,0.));
#3194=DIRECTION('',(0.919978258793574,-0.391969390829365,0.));
#3195=DIRECTION('',(0.,0.,-1.));
#3196=DIRECTION('',(0.919978258793574,-0.391969390829365,0.));
#3197=DIRECTION('',(-0.409055728133881,0.912509403393116,0.));
#3198=DIRECTION('',(-0.912509403393116,-0.409055728133881,0.));
#3199=DIRECTION('',(0.912509403393116,0.409055728133881,0.));
#3200=DIRECTION('',(0.,0.,-1.));
#3201=DIRECTION('',(0.912509403393116,0.409055728133881,0.));
#3202=DIRECTION('',(-1.,0.,0.));
#3203=DIRECTION('',(0.,0.,1.));
#3204=DIRECTION('',(0.,1.,0.));
#3205=DIRECTION('',(0.,0.,-1.));
#3206=DIRECTION('',(0.,1.,0.));
#3207=DIRECTION('',(0.43062283988543,0.902531977144858,0.));
#3208=DIRECTION('',(-0.902531977144858,0.43062283988543,0.));
#3209=DIRECTION('',(0.902531977144858,-0.43062283988543,0.));
#3210=DIRECTION('',(0.902531977144858,-0.43062283988543,0.));
#3211=DIRECTION('',(0.,0.,1.));
#3212=DIRECTION('',(1.,0.,0.));
#3213=DIRECTION('',(0.,0.,1.));
#3214=DIRECTION('',(1.,0.,0.));
#3215=CARTESIAN_POINT('',(0.,0.,0.));
#3216=CARTESIAN_POINT('',(0.0282201075372684,0.0462591377733666,0.017));
#3217=CARTESIAN_POINT('',(0.0282201075372684,0.0462591377733666,0.016));
#3218=CARTESIAN_POINT('',(0.0285038874695582,0.0462591377733666,0.016));
#3219=CARTESIAN_POINT('',(0.0279363276049787,0.0462591377733666,0.016));
#3220=CARTESIAN_POINT('',(0.0285038874695582,0.0462591377733666,0.017));
#3221=CARTESIAN_POINT('',(0.0285038874695582,0.0462591377733666,0.017));
#3222=CARTESIAN_POINT('',(0.0282201075372684,0.0462591377733666,0.017));
#3223=CARTESIAN_POINT('',(0.0279363276049787,0.0462591377733666,0.017));
#3224=CARTESIAN_POINT('',(0.0279363276049787,0.0462591377733666,0.017));
#3225=CARTESIAN_POINT('',(0.0285038874695582,0.0459317002941023,0.017));
#3226=CARTESIAN_POINT('',(0.0285038874695582,0.0459317002941023,0.016));
#3227=CARTESIAN_POINT('',(0.0285038874695582,0.0456042628148381,0.016));
#3228=CARTESIAN_POINT('',(0.0285038874695582,0.0456042628148381,0.017));
#3229=CARTESIAN_POINT('',(0.0285038874695582,0.0456042628148381,0.017));
#3230=CARTESIAN_POINT('',(0.0285038874695582,0.0459317002941023,0.017));
#3231=CARTESIAN_POINT('',(0.0292055450768169,0.0456042628148381,0.017));
#3232=CARTESIAN_POINT('',(0.0292055450768169,0.0456042628148381,0.016));
#3233=CARTESIAN_POINT('',(0.0299072026840755,0.0456042628148381,0.016));
#3234=CARTESIAN_POINT('',(0.0299072026840755,0.0456042628148381,0.017));
#3235=CARTESIAN_POINT('',(0.0299072026840755,0.0456042628148381,0.017));
#3236=CARTESIAN_POINT('',(0.0292055450768169,0.0456042628148381,0.017));
#3237=CARTESIAN_POINT('',(0.0299072026840755,0.047613181313147,0.017));
#3238=CARTESIAN_POINT('',(0.0299072026840755,0.047613181313147,0.016));
#3239=CARTESIAN_POINT('',(0.0299072026840755,0.0496220998114559,0.016));
#3240=CARTESIAN_POINT('',(0.0299072026840755,0.0496220998114559,0.017));
#3241=CARTESIAN_POINT('',(0.0299072026840755,0.0496220998114559,0.017));
#3242=CARTESIAN_POINT('',(0.0299072026840755,0.047613181313147,0.017));
#3243=CARTESIAN_POINT('',(0.0292055450768169,0.0496220998114559,0.017));
#3244=CARTESIAN_POINT('',(0.0292055450768169,0.0496220998114559,0.016));
#3245=CARTESIAN_POINT('',(0.0285038874695582,0.0496220998114559,0.016));
#3246=CARTESIAN_POINT('',(0.0285038874695582,0.0496220998114559,0.017));
#3247=CARTESIAN_POINT('',(0.0285038874695582,0.0496220998114559,0.017));
#3248=CARTESIAN_POINT('',(0.0292055450768169,0.0496220998114559,0.017));
#3249=CARTESIAN_POINT('',(0.0285038874695582,0.0489572889227951,0.017));
#3250=CARTESIAN_POINT('',(0.0285038874695582,0.0489572889227951,0.016));
#3251=CARTESIAN_POINT('',(0.0285038874695582,0.0482924780341344,0.016));
#3252=CARTESIAN_POINT('',(0.0285038874695582,0.0482924780341344,0.017));
#3253=CARTESIAN_POINT('',(0.0285038874695582,0.0482924780341344,0.017));
#3254=CARTESIAN_POINT('',(0.0285038874695582,0.0489572889227951,0.017));
#3255=CARTESIAN_POINT('',(0.0283205762324035,0.0482924780341344,0.017));
#3256=CARTESIAN_POINT('',(0.0283205762324035,0.0482924780341344,0.016));
#3257=CARTESIAN_POINT('',(0.0281372649952486,0.0482924780341344,0.016));
#3258=CARTESIAN_POINT('',(0.0281372649952486,0.0482924780341344,0.017));
#3259=CARTESIAN_POINT('',(0.0281372649952486,0.0482924780341344,0.017));
#3260=CARTESIAN_POINT('',(0.0283205762324035,0.0482924780341344,0.017));
#3261=CARTESIAN_POINT('',(0.0281372649952486,0.0486330317176175,0.017));
#3262=CARTESIAN_POINT('',(0.0281372649952486,0.0486330317176175,0.016));
#3263=CARTESIAN_POINT('',(0.0281372649952486,0.0489735854011006,0.016));
#3264=CARTESIAN_POINT('',(0.0281372649952486,0.0489735854011006,0.017));
#3265=CARTESIAN_POINT('',(0.0281372649952486,0.0489735854011006,0.017));
#3266=CARTESIAN_POINT('',(0.0281372649952486,0.0486330317176175,0.017));
#3267=CARTESIAN_POINT('',(0.0278577480538612,0.0489735854011006,0.017));
#3268=CARTESIAN_POINT('',(0.0278577480538612,0.0489735854011006,0.016));
#3269=CARTESIAN_POINT('',(0.0275782311124738,0.0489735854011006,0.016));
#3270=CARTESIAN_POINT('',(0.0275782311124738,0.0489735854011006,0.017));
#3271=CARTESIAN_POINT('',(0.0275782311124738,0.0489735854011006,0.017));
#3272=CARTESIAN_POINT('',(0.0278577480538612,0.0489735854011006,0.017));
#3273=CARTESIAN_POINT('',(0.0275782311124738,0.0492939435070246,0.017));
#3274=CARTESIAN_POINT('',(0.0275782311124738,0.0492939435070246,0.016));
#3275=CARTESIAN_POINT('',(0.0275782311124738,0.0496143016129485,0.016));
#3276=CARTESIAN_POINT('',(0.0275782311124738,0.0496143016129485,0.017));
#3277=CARTESIAN_POINT('',(0.0275782311124738,0.0496143016129485,0.017));
#3278=CARTESIAN_POINT('',(0.0275782311124738,0.0492939435070246,0.017));
#3279=CARTESIAN_POINT('',(0.0268667183874796,0.0496143016129485,0.017));
#3280=CARTESIAN_POINT('',(0.0268667183874796,0.0496143016129485,0.016));
#3281=CARTESIAN_POINT('',(0.0261552056624855,0.0496143016129485,0.016));
#3282=CARTESIAN_POINT('',(0.0261552056624855,0.0496143016129485,0.017));
#3283=CARTESIAN_POINT('',(0.0261552056624855,0.0496143016129485,0.017));
#3284=CARTESIAN_POINT('',(0.0268667183874796,0.0496143016129485,0.017));
#3285=CARTESIAN_POINT('',(0.0261552056624855,0.0476092822138933,0.017));
#3286=CARTESIAN_POINT('',(0.0261552056624855,0.0476092822138933,0.016));
#3287=CARTESIAN_POINT('',(0.0261552056624855,0.0456042628148381,0.016));
#3288=CARTESIAN_POINT('',(0.0261552056624855,0.0456042628148381,0.017));
#3289=CARTESIAN_POINT('',(0.0261552056624855,0.0456042628148381,0.017));
#3290=CARTESIAN_POINT('',(0.0261552056624855,0.0476092822138933,0.017));
#3291=CARTESIAN_POINT('',(0.0268667183874796,0.0456042628148381,0.017));
#3292=CARTESIAN_POINT('',(0.0268667183874796,0.0456042628148381,0.016));
#3293=CARTESIAN_POINT('',(0.0275782311124738,0.0456042628148381,0.016));
#3294=CARTESIAN_POINT('',(0.0275782311124738,0.0456042628148381,0.017));
#3295=CARTESIAN_POINT('',(0.0275782311124738,0.0456042628148381,0.017));
#3296=CARTESIAN_POINT('',(0.0268667183874796,0.0456042628148381,0.017));
#3297=CARTESIAN_POINT('',(0.0275782311124738,0.045687862502549,0.017));
#3298=CARTESIAN_POINT('',(0.0275782311124738,0.045687862502549,0.016));
#3299=CARTESIAN_POINT('',(0.0275782311124738,0.0457714621902599,0.016));
#3300=CARTESIAN_POINT('',(0.0275782311124738,0.0457714621902599,0.017));
#3301=CARTESIAN_POINT('',(0.0275782311124738,0.0457714621902599,0.017));
#3302=CARTESIAN_POINT('',(0.0275782311124738,0.045687862502549,0.017));
#3303=CARTESIAN_POINT('',(0.0275764896632235,0.046357979249304,0.017));
#3304=CARTESIAN_POINT('',(0.0275764896632235,0.046357979249304,0.016));
#3305=CARTESIAN_POINT('',(0.0275747482139732,0.0469444963083482,0.016));
#3306=CARTESIAN_POINT('',(0.0275747482139732,0.0469444963083482,0.017));
#3307=CARTESIAN_POINT('',(0.0275747482139732,0.0469444963083482,0.017));
#3308=CARTESIAN_POINT('',(0.0275764896632235,0.046357979249304,0.017));
#3309=CARTESIAN_POINT('',(0.0277555379094759,0.0469444963083482,0.017));
#3310=CARTESIAN_POINT('',(0.0277555379094759,0.0469444963083482,0.016));
#3311=CARTESIAN_POINT('',(0.0279363276049787,0.0469444963083482,0.016));
#3312=CARTESIAN_POINT('',(0.0279363276049787,0.0469444963083482,0.017));
#3313=CARTESIAN_POINT('',(0.0279363276049787,0.0469444963083482,0.017));
#3314=CARTESIAN_POINT('',(0.0277555379094759,0.0469444963083482,0.017));
#3315=CARTESIAN_POINT('',(0.0279363276049787,0.0466018170408574,0.017));
#3316=CARTESIAN_POINT('',(0.0279363276049787,0.0466018170408574,0.016));
#3317=CARTESIAN_POINT('',(0.0279363276049787,0.0466018170408574,0.017));
#3318=CARTESIAN_POINT('',(0.0298720023989677,0.023730882916227,0.017));
#3319=CARTESIAN_POINT('',(0.0298720023989677,0.023730882916227,0.016));
#3320=CARTESIAN_POINT('',(0.,0.,0.));
#3321=CARTESIAN_POINT('',(0.0209081635775047,0.0458799077267653,0.017));
#3322=CARTESIAN_POINT('',(0.0209081635775047,0.0458799077267653,0.016));
#3323=CARTESIAN_POINT('',(0.0209081635775047,0.0473109972177811,0.016));
#3324=CARTESIAN_POINT('',(0.0209081635775047,0.0456199347722685,0.016));
#3325=CARTESIAN_POINT('',(0.0209081635775047,0.0473109972177811,0.017));
#3326=CARTESIAN_POINT('',(0.0209081635775047,0.0473109972177811,0.017));
#3327=CARTESIAN_POINT('',(0.0209081635775047,0.0458799077267653,0.017));
#3328=CARTESIAN_POINT('',(0.0209081635775047,0.0456199347722685,0.017));
#3329=CARTESIAN_POINT('',(0.0209081635775047,0.0456199347722685,0.017));
#3330=CARTESIAN_POINT('',(0.0210288305652452,0.0473109972177811,0.017));
#3331=CARTESIAN_POINT('',(0.0210288305652452,0.0473109972177811,0.016));
#3332=CARTESIAN_POINT('',(0.0211494975529858,0.0473109972177811,0.016));
#3333=CARTESIAN_POINT('',(0.0211494975529858,0.0473109972177811,0.017));
#3334=CARTESIAN_POINT('',(0.0211494975529858,0.0473109972177811,0.017));
#3335=CARTESIAN_POINT('',(0.0210288305652452,0.0473109972177811,0.017));
#3336=CARTESIAN_POINT('',(0.0211494975529858,0.0471087375608724,0.017));
#3337=CARTESIAN_POINT('',(0.0211494975529858,0.0471087375608724,0.016));
#3338=CARTESIAN_POINT('',(0.0211494975529858,0.0469064779039636,0.016));
#3339=CARTESIAN_POINT('',(0.0211494975529858,0.0469064779039636,0.017));
#3340=CARTESIAN_POINT('',(0.0211494975529858,0.0469064779039636,0.017));
#3341=CARTESIAN_POINT('',(0.0211494975529858,0.0471087375608724,0.017));
#3342=CARTESIAN_POINT('',(0.0215854731241366,0.0469064779039636,0.017));
#3343=CARTESIAN_POINT('',(0.0215854731241366,0.0469064779039636,0.016));
#3344=CARTESIAN_POINT('',(0.0220214486952874,0.0469064779039636,0.016));
#3345=CARTESIAN_POINT('',(0.0220214486952874,0.0469064779039636,0.017));
#3346=CARTESIAN_POINT('',(0.0220214486952874,0.0469064779039636,0.017));
#3347=CARTESIAN_POINT('',(0.0215854731241366,0.0469064779039636,0.017));
#3348=CARTESIAN_POINT('',(0.0220214486952874,0.0471055124283416,0.017));
#3349=CARTESIAN_POINT('',(0.0220214486952874,0.0471055124283416,0.016));
#3350=CARTESIAN_POINT('',(0.0220214486952874,0.0473045469527197,0.016));
#3351=CARTESIAN_POINT('',(0.0220214486952874,0.0473045469527197,0.017));
#3352=CARTESIAN_POINT('',(0.0220214486952874,0.0473045469527197,0.017));
#3353=CARTESIAN_POINT('',(0.0220214486952874,0.0471055124283416,0.017));
#3354=CARTESIAN_POINT('',(0.0221476192181627,0.0473045469527197,0.017));
#3355=CARTESIAN_POINT('',(0.0221476192181627,0.0473045469527197,0.016));
#3356=CARTESIAN_POINT('',(0.0222737897410381,0.0473045469527197,0.016));
#3357=CARTESIAN_POINT('',(0.0222737897410381,0.0473045469527197,0.017));
#3358=CARTESIAN_POINT('',(0.0222737897410381,0.0473045469527197,0.017));
#3359=CARTESIAN_POINT('',(0.0221476192181627,0.0473045469527197,0.017));
#3360=CARTESIAN_POINT('',(0.0222737897410381,0.0464622408624941,0.017));
#3361=CARTESIAN_POINT('',(0.0222737897410381,0.0464622408624941,0.016));
#3362=CARTESIAN_POINT('',(0.0222737897410381,0.0456199347722685,0.016));
#3363=CARTESIAN_POINT('',(0.0222737897410381,0.0456199347722685,0.017));
#3364=CARTESIAN_POINT('',(0.0222737897410381,0.0456199347722685,0.017));
#3365=CARTESIAN_POINT('',(0.0222737897410381,0.0464622408624941,0.017));
#3366=CARTESIAN_POINT('',(0.0229633490874178,0.0456199347722685,0.017));
#3367=CARTESIAN_POINT('',(0.0229633490874178,0.0456199347722685,0.016));
#3368=CARTESIAN_POINT('',(0.0236529084337975,0.0456199347722685,0.016));
#3369=CARTESIAN_POINT('',(0.0236529084337975,0.0456199347722685,0.017));
#3370=CARTESIAN_POINT('',(0.0236529084337975,0.0456199347722685,0.017));
#3371=CARTESIAN_POINT('',(0.0229633490874178,0.0456199347722685,0.017));
#3372=CARTESIAN_POINT('',(0.0236529084337975,0.0476208886669787,0.017));
#3373=CARTESIAN_POINT('',(0.0236529084337975,0.0476208886669787,0.016));
#3374=CARTESIAN_POINT('',(0.0236529084337975,0.049621842561689,0.016));
#3375=CARTESIAN_POINT('',(0.0236529084337975,0.049621842561689,0.017));
#3376=CARTESIAN_POINT('',(0.0236529084337975,0.049621842561689,0.017));
#3377=CARTESIAN_POINT('',(0.0236529084337975,0.0476208886669787,0.017));
#3378=CARTESIAN_POINT('',(0.022966602331439,0.049621842561689,0.017));
#3379=CARTESIAN_POINT('',(0.022966602331439,0.049621842561689,0.016));
#3380=CARTESIAN_POINT('',(0.0222802962290805,0.049621842561689,0.016));
#3381=CARTESIAN_POINT('',(0.0222802962290805,0.049621842561689,0.017));
#3382=CARTESIAN_POINT('',(0.0222802962290805,0.049621842561689,0.017));
#3383=CARTESIAN_POINT('',(0.022966602331439,0.049621842561689,0.017));
#3384=CARTESIAN_POINT('',(0.0222802962290805,0.0493747758463894,0.017));
#3385=CARTESIAN_POINT('',(0.0222802962290805,0.0493747758463894,0.016));
#3386=CARTESIAN_POINT('',(0.0222802962290805,0.0491277091310899,0.016));
#3387=CARTESIAN_POINT('',(0.0222802962290805,0.0491277091310899,0.017));
#3388=CARTESIAN_POINT('',(0.0222802962290805,0.0491277091310899,0.017));
#3389=CARTESIAN_POINT('',(0.0222802962290805,0.0493747758463894,0.017));
#3390=CARTESIAN_POINT('',(0.0219899587214063,0.0491277091310899,0.017));
#3391=CARTESIAN_POINT('',(0.0219899587214063,0.0491277091310899,0.016));
#3392=CARTESIAN_POINT('',(0.0216996212137321,0.0491277091310899,0.016));
#3393=CARTESIAN_POINT('',(0.0216996212137321,0.0491277091310899,0.017));
#3394=CARTESIAN_POINT('',(0.0216996212137321,0.0491277091310899,0.017));
#3395=CARTESIAN_POINT('',(0.0219899587214063,0.0491277091310899,0.017));
#3396=CARTESIAN_POINT('',(0.0216996212137321,0.0489009671954281,0.017));
#3397=CARTESIAN_POINT('',(0.0216996212137321,0.0489009671954281,0.016));
#3398=CARTESIAN_POINT('',(0.0216996212137321,0.0486742252597663,0.016));
#3399=CARTESIAN_POINT('',(0.0216996212137321,0.0486742252597663,0.017));
#3400=CARTESIAN_POINT('',(0.0216996212137321,0.0486742252597663,0.017));
#3401=CARTESIAN_POINT('',(0.0216996212137321,0.0489009671954281,0.017));
#3402=CARTESIAN_POINT('',(0.0215779301666191,0.0486742252597663,0.017));
#3403=CARTESIAN_POINT('',(0.0215779301666191,0.0486742252597663,0.016));
#3404=CARTESIAN_POINT('',(0.0214562391195061,0.0486742252597663,0.016));
#3405=CARTESIAN_POINT('',(0.0214562391195061,0.0486742252597663,0.017));
#3406=CARTESIAN_POINT('',(0.0214562391195061,0.0486742252597663,0.017));
#3407=CARTESIAN_POINT('',(0.0215779301666191,0.0486742252597663,0.017));
#3408=CARTESIAN_POINT('',(0.0214562391195061,0.0489060439632754,0.017));
#3409=CARTESIAN_POINT('',(0.0214562391195061,0.0489060439632754,0.016));
#3410=CARTESIAN_POINT('',(0.0214562391195061,0.0491378626667846,0.016));
#3411=CARTESIAN_POINT('',(0.0214562391195061,0.0491378626667846,0.017));
#3412=CARTESIAN_POINT('',(0.0214562391195061,0.0491378626667846,0.017));
#3413=CARTESIAN_POINT('',(0.0214562391195061,0.0489060439632754,0.017));
#3414=CARTESIAN_POINT('',(0.0211877469108003,0.0491378626667846,0.017));
#3415=CARTESIAN_POINT('',(0.0211877469108003,0.0491378626667846,0.016));
#3416=CARTESIAN_POINT('',(0.0209192547020946,0.0491378626667846,0.016));
#3417=CARTESIAN_POINT('',(0.0209192547020946,0.0491378626667846,0.017));
#3418=CARTESIAN_POINT('',(0.0209192547020946,0.0491378626667846,0.017));
#3419=CARTESIAN_POINT('',(0.0211877469108003,0.0491378626667846,0.017));
#3420=CARTESIAN_POINT('',(0.0209192547020946,0.049385835713129,0.017));
#3421=CARTESIAN_POINT('',(0.0209192547020946,0.049385835713129,0.016));
#3422=CARTESIAN_POINT('',(0.0209192547020946,0.0496338087594735,0.016));
#3423=CARTESIAN_POINT('',(0.0209192547020946,0.0496338087594735,0.017));
#3424=CARTESIAN_POINT('',(0.0209192547020946,0.0496338087594735,0.017));
#3425=CARTESIAN_POINT('',(0.0209192547020946,0.049385835713129,0.017));
#3426=CARTESIAN_POINT('',(0.0202120860107566,0.0496338087594735,0.017));
#3427=CARTESIAN_POINT('',(0.0202120860107566,0.0496338087594735,0.016));
#3428=CARTESIAN_POINT('',(0.0195049173194185,0.0496338087594735,0.016));
#3429=CARTESIAN_POINT('',(0.0195049173194185,0.0496338087594735,0.017));
#3430=CARTESIAN_POINT('',(0.0195049173194185,0.0496338087594735,0.017));
#3431=CARTESIAN_POINT('',(0.0202120860107566,0.0496338087594735,0.017));
#3432=CARTESIAN_POINT('',(0.0195049173194185,0.0476262193456626,0.017));
#3433=CARTESIAN_POINT('',(0.0195049173194185,0.0476262193456626,0.016));
#3434=CARTESIAN_POINT('',(0.0195049173194185,0.0456186299318518,0.016));
#3435=CARTESIAN_POINT('',(0.0195049173194185,0.0456186299318518,0.017));
#3436=CARTESIAN_POINT('',(0.0195049173194185,0.0456186299318518,0.017));
#3437=CARTESIAN_POINT('',(0.0195049173194185,0.0476262193456626,0.017));
#3438=CARTESIAN_POINT('',(0.0202065404484617,0.0456192823520601,0.017));
#3439=CARTESIAN_POINT('',(0.0202065404484617,0.0456192823520601,0.016));
#3440=CARTESIAN_POINT('',(0.0202065404484617,0.0456192823520601,0.017));
#3441=CARTESIAN_POINT('',(0.0298720023989677,0.023730882916227,0.017));
#3442=CARTESIAN_POINT('',(0.0298720023989677,0.023730882916227,0.016));
#3443=CARTESIAN_POINT('',(0.,0.,0.));
#3444=CARTESIAN_POINT('',(0.0249540813832414,0.0456175470425886,0.017));
#3445=CARTESIAN_POINT('',(0.0249540813832414,0.0456175470425886,0.016));
#3446=CARTESIAN_POINT('',(0.025651056730565,0.0456125097181036,0.016));
#3447=CARTESIAN_POINT('',(0.024257106035918,0.0456225843670737,0.016));
#3448=CARTESIAN_POINT('',(0.025651056730565,0.0456125097181036,0.017));
#3449=CARTESIAN_POINT('',(0.025651056730565,0.0456125097181036,0.017));
#3450=CARTESIAN_POINT('',(0.0249540813832414,0.0456175470425886,0.017));
#3451=CARTESIAN_POINT('',(0.024257106035918,0.0456225843670737,0.017));
#3452=CARTESIAN_POINT('',(0.024257106035918,0.0456225843670737,0.017));
#3453=CARTESIAN_POINT('',(0.025651056730565,0.0476073242051597,0.017));
#3454=CARTESIAN_POINT('',(0.025651056730565,0.0476073242051597,0.016));
#3455=CARTESIAN_POINT('',(0.025651056730565,0.0496021386922158,0.016));
#3456=CARTESIAN_POINT('',(0.025651056730565,0.0496021386922158,0.017));
#3457=CARTESIAN_POINT('',(0.025651056730565,0.0496021386922158,0.017));
#3458=CARTESIAN_POINT('',(0.025651056730565,0.0476073242051597,0.017));
#3459=CARTESIAN_POINT('',(0.0249540813832414,0.0496071760167008,0.017));
#3460=CARTESIAN_POINT('',(0.0249540813832414,0.0496071760167008,0.016));
#3461=CARTESIAN_POINT('',(0.024257106035918,0.0496122133411858,0.016));
#3462=CARTESIAN_POINT('',(0.024257106035918,0.0496122133411858,0.017));
#3463=CARTESIAN_POINT('',(0.024257106035918,0.0496122133411858,0.017));
#3464=CARTESIAN_POINT('',(0.0249540813832414,0.0496071760167008,0.017));
#3465=CARTESIAN_POINT('',(0.024257106035918,0.0476173988541297,0.017));
#3466=CARTESIAN_POINT('',(0.024257106035918,0.0476173988541297,0.016));
#3467=CARTESIAN_POINT('',(0.024257106035918,0.0476173988541297,0.017));
#3468=CARTESIAN_POINT('',(0.0298720023989677,0.023730882916227,0.017));
#3469=CARTESIAN_POINT('',(0.0298720023989677,0.023730882916227,0.016));
#3470=CARTESIAN_POINT('',(0.,0.,0.));
#3471=CARTESIAN_POINT('',(0.0304300242105396,0.0476112980866521,0.017));
#3472=CARTESIAN_POINT('',(0.0304300242105396,0.0476112980866521,0.016));
#3473=CARTESIAN_POINT('',(0.030435740603308,0.0456042628148381,0.016));
#3474=CARTESIAN_POINT('',(0.0304243078177713,0.0496183333584661,0.016));
#3475=CARTESIAN_POINT('',(0.030435740603308,0.0456042628148381,0.017));
#3476=CARTESIAN_POINT('',(0.030435740603308,0.0456042628148381,0.017));
#3477=CARTESIAN_POINT('',(0.0304300242105396,0.0476112980866521,0.017));
#3478=CARTESIAN_POINT('',(0.0304243078177713,0.0496183333584661,0.017));
#3479=CARTESIAN_POINT('',(0.0304243078177713,0.0496183333584661,0.017));
#3480=CARTESIAN_POINT('',(0.0321283291857025,0.0456042628148381,0.017));
#3481=CARTESIAN_POINT('',(0.0321283291857025,0.0456042628148381,0.016));
#3482=CARTESIAN_POINT('',(0.0338209177680969,0.0456042628148381,0.016));
#3483=CARTESIAN_POINT('',(0.0338209177680969,0.0456042628148381,0.017));
#3484=CARTESIAN_POINT('',(0.0338209177680969,0.0456042628148381,0.017));
#3485=CARTESIAN_POINT('',(0.0321283291857025,0.0456042628148381,0.017));
#3486=CARTESIAN_POINT('',(0.0338125167894857,0.0461432555500167,0.017));
#3487=CARTESIAN_POINT('',(0.0338125167894857,0.0461432555500167,0.016));
#3488=CARTESIAN_POINT('',(0.0338041158108746,0.0466822482851954,0.016));
#3489=CARTESIAN_POINT('',(0.0338041158108746,0.0466822482851954,0.017));
#3490=CARTESIAN_POINT('',(0.0338041158108746,0.0466822482851954,0.017));
#3491=CARTESIAN_POINT('',(0.0338125167894857,0.0461432555500167,0.017));
#3492=CARTESIAN_POINT('',(0.0328685644927987,0.0466822482851954,0.017));
#3493=CARTESIAN_POINT('',(0.0328685644927987,0.0466822482851954,0.016));
#3494=CARTESIAN_POINT('',(0.0319330131747229,0.0466822482851954,0.016));
#3495=CARTESIAN_POINT('',(0.0319330131747229,0.0466822482851954,0.017));
#3496=CARTESIAN_POINT('',(0.0319330131747229,0.0466822482851954,0.017));
#3497=CARTESIAN_POINT('',(0.0328685644927987,0.0466822482851954,0.017));
#3498=CARTESIAN_POINT('',(0.0319324502444013,0.0468798940833162,0.017));
#3499=CARTESIAN_POINT('',(0.0319324502444013,0.0468798940833162,0.016));
#3500=CARTESIAN_POINT('',(0.0319318873140797,0.0470775398814371,0.016));
#3501=CARTESIAN_POINT('',(0.0319318873140797,0.0470775398814371,0.017));
#3502=CARTESIAN_POINT('',(0.0319318873140797,0.0470775398814371,0.017));
#3503=CARTESIAN_POINT('',(0.0319324502444013,0.0468798940833162,0.017));
#3504=CARTESIAN_POINT('',(0.0328813627504111,0.0470775398814371,0.017));
#3505=CARTESIAN_POINT('',(0.0328813627504111,0.0470775398814371,0.016));
#3506=CARTESIAN_POINT('',(0.0338308381867426,0.0470775398814371,0.016));
#3507=CARTESIAN_POINT('',(0.0338308381867426,0.0470775398814371,0.017));
#3508=CARTESIAN_POINT('',(0.0338308381867426,0.0470775398814371,0.017));
#3509=CARTESIAN_POINT('',(0.0328813627504111,0.0470775398814371,0.017));
#3510=CARTESIAN_POINT('',(0.0338292781622158,0.0476252671592787,0.017));
#3511=CARTESIAN_POINT('',(0.0338292781622158,0.0476252671592787,0.016));
#3512=CARTESIAN_POINT('',(0.0338277181376891,0.0481729944371204,0.016));
#3513=CARTESIAN_POINT('',(0.0338277181376891,0.0481729944371204,0.017));
#3514=CARTESIAN_POINT('',(0.0338277181376891,0.0481729944371204,0.017));
#3515=CARTESIAN_POINT('',(0.0338292781622158,0.0476252671592787,0.017));
#3516=CARTESIAN_POINT('',(0.0328825302050387,0.0481729944371204,0.017));
#3517=CARTESIAN_POINT('',(0.0328825302050387,0.0481729944371204,0.016));
#3518=CARTESIAN_POINT('',(0.0319373422723883,0.0481729944371204,0.016));
#3519=CARTESIAN_POINT('',(0.0319373422723883,0.0481729944371204,0.017));
#3520=CARTESIAN_POINT('',(0.0319373422723883,0.0481729944371204,0.017));
#3521=CARTESIAN_POINT('',(0.0328825302050387,0.0481729944371204,0.017));
#3522=CARTESIAN_POINT('',(0.0319367808136547,0.0483701235581543,0.017));
#3523=CARTESIAN_POINT('',(0.0319367808136547,0.0483701235581543,0.016));
#3524=CARTESIAN_POINT('',(0.0319362193549211,0.0485672526791883,0.016));
#3525=CARTESIAN_POINT('',(0.0319362193549211,0.0485672526791883,0.017));
#3526=CARTESIAN_POINT('',(0.0319362193549211,0.0485672526791883,0.017));
#3527=CARTESIAN_POINT('',(0.0319367808136547,0.0483701235581543,0.017));
#3528=CARTESIAN_POINT('',(0.0328700639562745,0.0485672526791883,0.017));
#3529=CARTESIAN_POINT('',(0.0328700639562745,0.0485672526791883,0.016));
#3530=CARTESIAN_POINT('',(0.0338039085576279,0.0485672526791883,0.016));
#3531=CARTESIAN_POINT('',(0.0338039085576279,0.0485672526791883,0.017));
#3532=CARTESIAN_POINT('',(0.0338039085576279,0.0485672526791883,0.017));
#3533=CARTESIAN_POINT('',(0.0328700639562745,0.0485672526791883,0.017));
#3534=CARTESIAN_POINT('',(0.0338024117254401,0.0490927930188272,0.017));
#3535=CARTESIAN_POINT('',(0.0338024117254401,0.0490927930188272,0.016));
#3536=CARTESIAN_POINT('',(0.0338009148932522,0.0496183333584661,0.016));
#3537=CARTESIAN_POINT('',(0.0338009148932522,0.0496183333584661,0.017));
#3538=CARTESIAN_POINT('',(0.0338009148932522,0.0496183333584661,0.017));
#3539=CARTESIAN_POINT('',(0.0338024117254401,0.0490927930188272,0.017));
#3540=CARTESIAN_POINT('',(0.0321126113555117,0.0496183333584661,0.017));
#3541=CARTESIAN_POINT('',(0.0321126113555117,0.0496183333584661,0.016));
#3542=CARTESIAN_POINT('',(0.0321126113555117,0.0496183333584661,0.017));
#3543=CARTESIAN_POINT('',(0.0298720023989677,0.023730882916227,0.017));
#3544=CARTESIAN_POINT('',(0.0298720023989677,0.023730882916227,0.016));
#3545=CARTESIAN_POINT('',(0.,0.,0.));
#3546=CARTESIAN_POINT('',(0.0356872460699462,0.0461866888342779,0.017));
#3547=CARTESIAN_POINT('',(0.0356872460699462,0.0461866888342779,0.016));
#3548=CARTESIAN_POINT('',(0.0356872460699462,0.0455968795263874,0.016));
#3549=CARTESIAN_POINT('',(0.0356872460699462,0.0467764981421683,0.016));
#3550=CARTESIAN_POINT('',(0.0356872460699462,0.0467764981421683,0.017));
#3551=CARTESIAN_POINT('',(0.0356872460699462,0.0467764981421683,0.017));
#3552=CARTESIAN_POINT('',(0.0356872460699462,0.0461866888342779,0.017));
#3553=CARTESIAN_POINT('',(0.0356872460699462,0.0455968795263874,0.017));
#3554=CARTESIAN_POINT('',(0.0356872460699462,0.0455968795263874,0.017));
#3555=CARTESIAN_POINT('',(0.0366749792871756,0.0467835812305768,0.017));
#3556=CARTESIAN_POINT('',(0.0366749792871756,0.0467835812305768,0.016));
#3557=CARTESIAN_POINT('',(0.0376627125044051,0.0467906643189854,0.016));
#3558=CARTESIAN_POINT('',(0.0376627125044051,0.0467906643189854,0.017));
#3559=CARTESIAN_POINT('',(0.0376627125044051,0.0467906643189854,0.017));
#3560=CARTESIAN_POINT('',(0.0366749792871756,0.0467835812305768,0.017));
#3561=CARTESIAN_POINT('',(0.0376487375605061,0.0482017832821898,0.017));
#3562=CARTESIAN_POINT('',(0.0376487375605061,0.0482017832821898,0.016));
#3563=CARTESIAN_POINT('',(0.037634762616607,0.0496129022453943,0.016));
#3564=CARTESIAN_POINT('',(0.037634762616607,0.0496129022453943,0.017));
#3565=CARTESIAN_POINT('',(0.037634762616607,0.0496129022453943,0.017));
#3566=CARTESIAN_POINT('',(0.0376487375605061,0.0482017832821898,0.017));
#3567=CARTESIAN_POINT('',(0.0359264423668579,0.0496129022453943,0.017));
#3568=CARTESIAN_POINT('',(0.0359264423668579,0.0496129022453943,0.016));
#3569=CARTESIAN_POINT('',(0.0342181221171087,0.0496129022453942,0.016));
#3570=CARTESIAN_POINT('',(0.0342181221171087,0.0496129022453942,0.017));
#3571=CARTESIAN_POINT('',(0.0342181221171087,0.0496129022453942,0.017));
#3572=CARTESIAN_POINT('',(0.0359264423668579,0.0496129022453943,0.017));
#3573=CARTESIAN_POINT('',(0.0342324713856007,0.0476119037663395,0.017));
#3574=CARTESIAN_POINT('',(0.0342324713856007,0.0476119037663395,0.016));
#3575=CARTESIAN_POINT('',(0.0342468206540927,0.0456109052872848,0.016));
#3576=CARTESIAN_POINT('',(0.0342468206540927,0.0456109052872848,0.017));
#3577=CARTESIAN_POINT('',(0.0342468206540927,0.0456109052872848,0.017));
#3578=CARTESIAN_POINT('',(0.0342324713856007,0.0476119037663395,0.017));
#3579=CARTESIAN_POINT('',(0.0357509444363027,0.0482024715798821,0.017));
#3580=CARTESIAN_POINT('',(0.0357509444363027,0.0482024715798821,0.016));
#3581=CARTESIAN_POINT('',(0.0357477614923346,0.0486463315607971,0.016));
#3582=CARTESIAN_POINT('',(0.0357541273802707,0.047758611598967,0.016));
#3583=CARTESIAN_POINT('',(0.0357477614923346,0.0486463315607971,0.017));
#3584=CARTESIAN_POINT('',(0.0357477614923346,0.0486463315607971,0.017));
#3585=CARTESIAN_POINT('',(0.0357509444363027,0.0482024715798821,0.017));
#3586=CARTESIAN_POINT('',(0.0357541273802707,0.047758611598967,0.017));
#3587=CARTESIAN_POINT('',(0.0357541273802707,0.047758611598967,0.017));
#3588=CARTESIAN_POINT('',(0.0359714930804629,0.048642669091454,0.017));
#3589=CARTESIAN_POINT('',(0.0359714930804629,0.048642669091454,0.016));
#3590=CARTESIAN_POINT('',(0.036195224668591,0.0486390066221109,0.016));
#3591=CARTESIAN_POINT('',(0.036195224668591,0.0486390066221109,0.017));
#3592=CARTESIAN_POINT('',(0.036195224668591,0.0486390066221109,0.017));
#3593=CARTESIAN_POINT('',(0.0359714930804629,0.048642669091454,0.017));
#3594=CARTESIAN_POINT('',(0.036198369845558,0.0482004132310483,0.017));
#3595=CARTESIAN_POINT('',(0.036198369845558,0.0482004132310483,0.016));
#3596=CARTESIAN_POINT('',(0.0362015150225248,0.0477618198399857,0.016));
#3597=CARTESIAN_POINT('',(0.0362015150225248,0.0477618198399857,0.017));
#3598=CARTESIAN_POINT('',(0.0362015150225248,0.0477618198399857,0.017));
#3599=CARTESIAN_POINT('',(0.036198369845558,0.0482004132310483,0.017));
#3600=CARTESIAN_POINT('',(0.0359778212013978,0.0477602157194763,0.017));
#3601=CARTESIAN_POINT('',(0.0359778212013978,0.0477602157194763,0.016));
#3602=CARTESIAN_POINT('',(0.0359778212013978,0.0477602157194763,0.017));
#3603=CARTESIAN_POINT('',(0.0349670333620195,0.0456038924068361,0.017));
#3604=CARTESIAN_POINT('',(0.0349670333620195,0.0456038924068361,0.016));
#3605=CARTESIAN_POINT('',(0.0349670333620195,0.0456038924068361,0.017));
#3606=CARTESIAN_POINT('',(0.0298720023989677,0.023730882916227,0.017));
#3607=CARTESIAN_POINT('',(0.0298720023989677,0.023730882916227,0.016));
#3608=CARTESIAN_POINT('',(0.,0.,0.));
#3609=CARTESIAN_POINT('',(0.0387857488992557,0.0455968795263874,0.017));
#3610=CARTESIAN_POINT('',(0.0387857488992557,0.0455968795263874,0.016));
#3611=CARTESIAN_POINT('',(0.0394888809449106,0.0455968795263874,0.016));
#3612=CARTESIAN_POINT('',(0.0380826168536009,0.0455968795263874,0.016));
#3613=CARTESIAN_POINT('',(0.0394888809449106,0.0455968795263874,0.017));
#3614=CARTESIAN_POINT('',(0.0394888809449106,0.0455968795263874,0.017));
#3615=CARTESIAN_POINT('',(0.0387857488992557,0.0455968795263874,0.017));
#3616=CARTESIAN_POINT('',(0.0380826168536009,0.0455968795263874,0.017));
#3617=CARTESIAN_POINT('',(0.0380826168536009,0.0455968795263874,0.017));
#3618=CARTESIAN_POINT('',(0.039485018858932,0.0461431668165285,0.017));
#3619=CARTESIAN_POINT('',(0.039485018858932,0.0461431668165285,0.016));
#3620=CARTESIAN_POINT('',(0.0394811567729534,0.0466894541066696,0.016));
#3621=CARTESIAN_POINT('',(0.0394811567729534,0.0466894541066696,0.017));
#3622=CARTESIAN_POINT('',(0.0394811567729534,0.0466894541066696,0.017));
#3623=CARTESIAN_POINT('',(0.039485018858932,0.0461431668165285,0.017));
#3624=CARTESIAN_POINT('',(0.0397396399691682,0.0466913077036723,0.017));
#3625=CARTESIAN_POINT('',(0.0397396399691682,0.0466913077036723,0.016));
#3626=CARTESIAN_POINT('',(0.0399981231653831,0.046693161300675,0.016));
#3627=CARTESIAN_POINT('',(0.0399981231653831,0.046693161300675,0.017));
#3628=CARTESIAN_POINT('',(0.0399981231653831,0.046693161300675,0.017));
#3629=CARTESIAN_POINT('',(0.0397396399691682,0.0466913077036723,0.017));
#3630=CARTESIAN_POINT('',(0.0400020292418833,0.046148460841523,0.017));
#3631=CARTESIAN_POINT('',(0.0400020292418833,0.046148460841523,0.016));
#3632=CARTESIAN_POINT('',(0.0400059353183836,0.045603760382371,0.016));
#3633=CARTESIAN_POINT('',(0.0400059353183836,0.045603760382371,0.017));
#3634=CARTESIAN_POINT('',(0.0400059353183836,0.045603760382371,0.017));
#3635=CARTESIAN_POINT('',(0.0400020292418833,0.046148460841523,0.017));
#3636=CARTESIAN_POINT('',(0.0407397805266583,0.0456090228261137,0.017));
#3637=CARTESIAN_POINT('',(0.0407397805266583,0.0456090228261137,0.016));
#3638=CARTESIAN_POINT('',(0.041473625734933,0.0456142852698563,0.016));
#3639=CARTESIAN_POINT('',(0.041473625734933,0.0456142852698563,0.017));
#3640=CARTESIAN_POINT('',(0.041473625734933,0.0456142852698563,0.017));
#3641=CARTESIAN_POINT('',(0.0407397805266583,0.0456090228261137,0.017));
#3642=CARTESIAN_POINT('',(0.041473625734933,0.0476134772041872,0.017));
#3643=CARTESIAN_POINT('',(0.041473625734933,0.0476134772041872,0.016));
#3644=CARTESIAN_POINT('',(0.041473625734933,0.0496126691385182,0.016));
#3645=CARTESIAN_POINT('',(0.041473625734933,0.0496126691385182,0.017));
#3646=CARTESIAN_POINT('',(0.041473625734933,0.0496126691385182,0.017));
#3647=CARTESIAN_POINT('',(0.041473625734933,0.0476134772041872,0.017));
#3648=CARTESIAN_POINT('',(0.0397574864309903,0.0496126691385182,0.017));
#3649=CARTESIAN_POINT('',(0.0397574864309903,0.0496126691385182,0.016));
#3650=CARTESIAN_POINT('',(0.0380413471270475,0.0496126691385182,0.016));
#3651=CARTESIAN_POINT('',(0.0380413471270475,0.0496126691385182,0.017));
#3652=CARTESIAN_POINT('',(0.0380413471270475,0.0496126691385182,0.017));
#3653=CARTESIAN_POINT('',(0.0397574864309903,0.0496126691385182,0.017));
#3654=CARTESIAN_POINT('',(0.0392651998003706,0.0478723712580933,0.017));
#3655=CARTESIAN_POINT('',(0.0392651998003706,0.0478723712580933,0.016));
#3656=CARTESIAN_POINT('',(0.0392628884858908,0.0481946829328107,0.016));
#3657=CARTESIAN_POINT('',(0.0392675111148503,0.0475500595833759,0.016));
#3658=CARTESIAN_POINT('',(0.0392628884858908,0.0481946829328107,0.017));
#3659=CARTESIAN_POINT('',(0.0392628884858908,0.0481946829328107,0.017));
#3660=CARTESIAN_POINT('',(0.0392651998003706,0.0478723712580933,0.017));
#3661=CARTESIAN_POINT('',(0.0392675111148503,0.0475500595833759,0.017));
#3662=CARTESIAN_POINT('',(0.0392675111148503,0.0475500595833759,0.017));
#3663=CARTESIAN_POINT('',(0.0393868430244061,0.0481930534247188,0.017));
#3664=CARTESIAN_POINT('',(0.0393868430244061,0.0481930534247188,0.016));
#3665=CARTESIAN_POINT('',(0.0395107975629215,0.0481914239166269,0.016));
#3666=CARTESIAN_POINT('',(0.0395107975629215,0.0481914239166269,0.017));
#3667=CARTESIAN_POINT('',(0.0395107975629215,0.0481914239166269,0.017));
#3668=CARTESIAN_POINT('',(0.0393868430244061,0.0481930534247188,0.017));
#3669=CARTESIAN_POINT('',(0.0395107975629215,0.048322044751582,0.017));
#3670=CARTESIAN_POINT('',(0.0395107975629215,0.048322044751582,0.016));
#3671=CARTESIAN_POINT('',(0.0395107975629215,0.0484526655865371,0.016));
#3672=CARTESIAN_POINT('',(0.0395107975629215,0.0484526655865371,0.017));
#3673=CARTESIAN_POINT('',(0.0395107975629215,0.0484526655865371,0.017));
#3674=CARTESIAN_POINT('',(0.0395107975629215,0.048322044751582,0.017));
#3675=CARTESIAN_POINT('',(0.0397601269221813,0.0484526655865371,0.017));
#3676=CARTESIAN_POINT('',(0.0397601269221813,0.0484526655865371,0.016));
#3677=CARTESIAN_POINT('',(0.040009456281441,0.0484526655865371,0.016));
#3678=CARTESIAN_POINT('',(0.040009456281441,0.0484526655865371,0.017));
#3679=CARTESIAN_POINT('',(0.040009456281441,0.0484526655865371,0.017));
#3680=CARTESIAN_POINT('',(0.0397601269221813,0.0484526655865371,0.017));
#3681=CARTESIAN_POINT('',(0.0400102855561228,0.0483370236374136,0.017));
#3682=CARTESIAN_POINT('',(0.0400102855561228,0.0483370236374136,0.016));
#3683=CARTESIAN_POINT('',(0.0400111148308046,0.04822138168829,0.016));
#3684=CARTESIAN_POINT('',(0.0400111148308046,0.04822138168829,0.017));
#3685=CARTESIAN_POINT('',(0.0400111148308046,0.04822138168829,0.017));
#3686=CARTESIAN_POINT('',(0.0400102855561228,0.0483370236374136,0.017));
#3687=CARTESIAN_POINT('',(0.0401472546873103,0.04822138168829,0.017));
#3688=CARTESIAN_POINT('',(0.0401472546873103,0.04822138168829,0.016));
#3689=CARTESIAN_POINT('',(0.040283394543816,0.04822138168829,0.016));
#3690=CARTESIAN_POINT('',(0.040283394543816,0.04822138168829,0.017));
#3691=CARTESIAN_POINT('',(0.040283394543816,0.04822138168829,0.017));
#3692=CARTESIAN_POINT('',(0.0401472546873103,0.04822138168829,0.017));
#3693=CARTESIAN_POINT('',(0.0402858575659793,0.0478779144512417,0.017));
#3694=CARTESIAN_POINT('',(0.0402858575659793,0.0478779144512417,0.016));
#3695=CARTESIAN_POINT('',(0.0402883205881426,0.0475344472141934,0.016));
#3696=CARTESIAN_POINT('',(0.0402883205881426,0.0475344472141934,0.017));
#3697=CARTESIAN_POINT('',(0.0402883205881426,0.0475344472141934,0.017));
#3698=CARTESIAN_POINT('',(0.0402858575659793,0.0478779144512417,0.017));
#3699=CARTESIAN_POINT('',(0.0401939660465508,0.0475344472141934,0.017));
#3700=CARTESIAN_POINT('',(0.0401939660465508,0.0475344472141934,0.016));
#3701=CARTESIAN_POINT('',(0.040099611504959,0.0475344472141934,0.016));
#3702=CARTESIAN_POINT('',(0.040099611504959,0.0475344472141934,0.017));
#3703=CARTESIAN_POINT('',(0.040099611504959,0.0475344472141934,0.017));
#3704=CARTESIAN_POINT('',(0.0401939660465508,0.0475344472141934,0.017));
#3705=CARTESIAN_POINT('',(0.040098801287724,0.0476474316116757,0.017));
#3706=CARTESIAN_POINT('',(0.040098801287724,0.0476474316116757,0.016));
#3707=CARTESIAN_POINT('',(0.0400979910704891,0.047760416009158,0.016));
#3708=CARTESIAN_POINT('',(0.0400979910704891,0.047760416009158,0.017));
#3709=CARTESIAN_POINT('',(0.0400979910704891,0.047760416009158,0.017));
#3710=CARTESIAN_POINT('',(0.040098801287724,0.0476474316116757,0.017));
#3711=CARTESIAN_POINT('',(0.039767222985486,0.047760416009158,0.017));
#3712=CARTESIAN_POINT('',(0.039767222985486,0.047760416009158,0.016));
#3713=CARTESIAN_POINT('',(0.039436454900483,0.047760416009158,0.016));
#3714=CARTESIAN_POINT('',(0.039436454900483,0.047760416009158,0.017));
#3715=CARTESIAN_POINT('',(0.039436454900483,0.047760416009158,0.017));
#3716=CARTESIAN_POINT('',(0.039767222985486,0.047760416009158,0.017));
#3717=CARTESIAN_POINT('',(0.0394372091391453,0.0476552377962669,0.017));
#3718=CARTESIAN_POINT('',(0.0394372091391453,0.0476552377962669,0.016));
#3719=CARTESIAN_POINT('',(0.0394379633778077,0.0475500595833759,0.016));
#3720=CARTESIAN_POINT('',(0.0394379633778077,0.0475500595833759,0.017));
#3721=CARTESIAN_POINT('',(0.0394379633778077,0.0475500595833759,0.017));
#3722=CARTESIAN_POINT('',(0.0394372091391453,0.0476552377962669,0.017));
#3723=CARTESIAN_POINT('',(0.0389873878148113,0.0487305313842007,0.017));
#3724=CARTESIAN_POINT('',(0.0389873878148113,0.0487305313842007,0.016));
#3725=CARTESIAN_POINT('',(0.0389873878148113,0.0489176356569703,0.016));
#3726=CARTESIAN_POINT('',(0.0389873878148113,0.0485434271114311,0.016));
#3727=CARTESIAN_POINT('',(0.0389873878148113,0.0489176356569703,0.017));
#3728=CARTESIAN_POINT('',(0.0389873878148113,0.0489176356569703,0.017));
#3729=CARTESIAN_POINT('',(0.0389873878148113,0.0487305313842007,0.017));
#3730=CARTESIAN_POINT('',(0.0389873878148113,0.0485434271114311,0.017));
#3731=CARTESIAN_POINT('',(0.0389873878148113,0.0485434271114311,0.017));
#3732=CARTESIAN_POINT('',(0.0392079626752923,0.0489227578655581,0.017));
#3733=CARTESIAN_POINT('',(0.0392079626752923,0.0489227578655581,0.016));
#3734=CARTESIAN_POINT('',(0.0394285375357731,0.048927880074146,0.016));
#3735=CARTESIAN_POINT('',(0.0394285375357731,0.048927880074146,0.017));
#3736=CARTESIAN_POINT('',(0.0394285375357731,0.048927880074146,0.017));
#3737=CARTESIAN_POINT('',(0.0392079626752923,0.0489227578655581,0.017));
#3738=CARTESIAN_POINT('',(0.0394285375357731,0.0487356535927885,0.017));
#3739=CARTESIAN_POINT('',(0.0394285375357731,0.0487356535927885,0.016));
#3740=CARTESIAN_POINT('',(0.0394285375357731,0.0485434271114311,0.016));
#3741=CARTESIAN_POINT('',(0.0394285375357731,0.0485434271114311,0.017));
#3742=CARTESIAN_POINT('',(0.0394285375357731,0.0485434271114311,0.017));
#3743=CARTESIAN_POINT('',(0.0394285375357731,0.0487356535927885,0.017));
#3744=CARTESIAN_POINT('',(0.0401348857372197,0.048743046071289,0.017));
#3745=CARTESIAN_POINT('',(0.0401348857372197,0.048743046071289,0.016));
#3746=CARTESIAN_POINT('',(0.0401254517801891,0.0489176356569703,0.016));
#3747=CARTESIAN_POINT('',(0.0401443196942504,0.0485684564856078,0.016));
#3748=CARTESIAN_POINT('',(0.0401254517801891,0.0489176356569703,0.017));
#3749=CARTESIAN_POINT('',(0.0401254517801891,0.0489176356569703,0.017));
#3750=CARTESIAN_POINT('',(0.0401348857372197,0.048743046071289,0.017));
#3751=CARTESIAN_POINT('',(0.0401443196942504,0.0485684564856078,0.017));
#3752=CARTESIAN_POINT('',(0.0401443196942504,0.0485684564856078,0.017));
#3753=CARTESIAN_POINT('',(0.0403266744795208,0.048913978573205,0.017));
#3754=CARTESIAN_POINT('',(0.0403266744795208,0.048913978573205,0.016));
#3755=CARTESIAN_POINT('',(0.0405278971788526,0.0489103214894398,0.016));
#3756=CARTESIAN_POINT('',(0.0405278971788526,0.0489103214894398,0.017));
#3757=CARTESIAN_POINT('',(0.0405278971788526,0.0489103214894398,0.017));
#3758=CARTESIAN_POINT('',(0.0403266744795208,0.048913978573205,0.017));
#3759=CARTESIAN_POINT('',(0.0405278971788526,0.0487393889875238,0.017));
#3760=CARTESIAN_POINT('',(0.0405278971788526,0.0487393889875238,0.016));
#3761=CARTESIAN_POINT('',(0.0405278971788526,0.0485684564856078,0.016));
#3762=CARTESIAN_POINT('',(0.0405278971788526,0.0485684564856078,0.017));
#3763=CARTESIAN_POINT('',(0.0405278971788526,0.0485684564856078,0.017));
#3764=CARTESIAN_POINT('',(0.0405278971788526,0.0487393889875238,0.017));
#3765=CARTESIAN_POINT('',(0.0393527372463291,0.0475500595833759,0.017));
#3766=CARTESIAN_POINT('',(0.0393527372463291,0.0475500595833759,0.016));
#3767=CARTESIAN_POINT('',(0.0393527372463291,0.0475500595833759,0.017));
#3768=CARTESIAN_POINT('',(0.0392079626752923,0.0485434271114311,0.017));
#3769=CARTESIAN_POINT('',(0.0392079626752923,0.0485434271114311,0.016));
#3770=CARTESIAN_POINT('',(0.0392079626752923,0.0485434271114311,0.017));
#3771=CARTESIAN_POINT('',(0.0403361084365515,0.0485684564856078,0.017));
#3772=CARTESIAN_POINT('',(0.0403361084365515,0.0485684564856078,0.016));
#3773=CARTESIAN_POINT('',(0.0403361084365515,0.0485684564856078,0.017));
#3774=CARTESIAN_POINT('',(0.0380619819903242,0.0476047743324528,0.017));
#3775=CARTESIAN_POINT('',(0.0380619819903242,0.0476047743324528,0.016));
#3776=CARTESIAN_POINT('',(0.0380619819903242,0.0476047743324528,0.017));
#3777=CARTESIAN_POINT('',(0.0298720023989677,0.023730882916227,0.017));
#3778=CARTESIAN_POINT('',(0.0298720023989677,0.023730882916227,0.016));
#3779=CARTESIAN_POINT('',(0.,0.,0.));
#3780=CARTESIAN_POINT('',(0.0433550901988402,0.0475958041009458,0.017));
#3781=CARTESIAN_POINT('',(0.0433550901988402,0.0475958041009458,0.016));
#3782=CARTESIAN_POINT('',(0.0433533347268288,0.0485126676722646,0.016));
#3783=CARTESIAN_POINT('',(0.0433568456708517,0.046678940529627,0.016));
#3784=CARTESIAN_POINT('',(0.0433533347268288,0.0485126676722646,0.017));
#3785=CARTESIAN_POINT('',(0.0433533347268288,0.0485126676722646,0.017));
#3786=CARTESIAN_POINT('',(0.0433550901988402,0.0475958041009458,0.017));
#3787=CARTESIAN_POINT('',(0.0433568456708517,0.046678940529627,0.017));
#3788=CARTESIAN_POINT('',(0.0433568456708517,0.046678940529627,0.017));
#3789=CARTESIAN_POINT('',(0.0436415269482956,0.0485183184298365,0.017));
#3790=CARTESIAN_POINT('',(0.0436415269482956,0.0485183184298365,0.016));
#3791=CARTESIAN_POINT('',(0.0439297191697624,0.0485239691874083,0.016));
#3792=CARTESIAN_POINT('',(0.0439297191697624,0.0485239691874083,0.017));
#3793=CARTESIAN_POINT('',(0.0439297191697624,0.0485239691874083,0.017));
#3794=CARTESIAN_POINT('',(0.0436415269482956,0.0485183184298365,0.017));
#3795=CARTESIAN_POINT('',(0.0439363195008455,0.0476035562432967,0.017));
#3796=CARTESIAN_POINT('',(0.0439363195008455,0.0476035562432967,0.016));
#3797=CARTESIAN_POINT('',(0.0439429198319286,0.0466831432991851,0.016));
#3798=CARTESIAN_POINT('',(0.0439429198319286,0.0466831432991851,0.017));
#3799=CARTESIAN_POINT('',(0.0439429198319286,0.0466831432991851,0.017));
#3800=CARTESIAN_POINT('',(0.0439363195008455,0.0476035562432967,0.017));
#3801=CARTESIAN_POINT('',(0.0452201178370489,0.0459690121401866,0.017));
#3802=CARTESIAN_POINT('',(0.0452201178370489,0.0459690121401866,0.016));
#3803=CARTESIAN_POINT('',(0.0454089684123721,0.0459703663978928,0.016));
#3804=CARTESIAN_POINT('',(0.0450312672617258,0.0459676578824805,0.016));
#3805=CARTESIAN_POINT('',(0.0454089684123721,0.0459703663978928,0.017));
#3806=CARTESIAN_POINT('',(0.0454089684123721,0.0459703663978928,0.017));
#3807=CARTESIAN_POINT('',(0.0452201178370489,0.0459690121401866,0.017));
#3808=CARTESIAN_POINT('',(0.0450312672617258,0.0459676578824805,0.017));
#3809=CARTESIAN_POINT('',(0.0450312672617258,0.0459676578824805,0.017));
#3810=CARTESIAN_POINT('',(0.0454136693456594,0.0476146033856241,0.017));
#3811=CARTESIAN_POINT('',(0.0454136693456594,0.0476146033856241,0.016));
#3812=CARTESIAN_POINT('',(0.0454183702789468,0.0492588403733554,0.016));
#3813=CARTESIAN_POINT('',(0.0454183702789468,0.0492588403733554,0.017));
#3814=CARTESIAN_POINT('',(0.0454183702789468,0.0492588403733554,0.017));
#3815=CARTESIAN_POINT('',(0.0454136693456594,0.0476146033856241,0.017));
#3816=CARTESIAN_POINT('',(0.0452171553546037,0.0492573974502327,0.017));
#3817=CARTESIAN_POINT('',(0.0452171553546037,0.0492573974502327,0.016));
#3818=CARTESIAN_POINT('',(0.0450159404302607,0.0492559545271099,0.016));
#3819=CARTESIAN_POINT('',(0.0450159404302607,0.0492559545271099,0.017));
#3820=CARTESIAN_POINT('',(0.0450159404302607,0.0492559545271099,0.017));
#3821=CARTESIAN_POINT('',(0.0452171553546037,0.0492573974502327,0.017));
#3822=CARTESIAN_POINT('',(0.0450146003688121,0.0494428254412535,0.017));
#3823=CARTESIAN_POINT('',(0.0450146003688121,0.0494428254412535,0.016));
#3824=CARTESIAN_POINT('',(0.0450132603073636,0.049629696355397,0.016));
#3825=CARTESIAN_POINT('',(0.0450132603073636,0.049629696355397,0.017));
#3826=CARTESIAN_POINT('',(0.0450132603073636,0.049629696355397,0.017));
#3827=CARTESIAN_POINT('',(0.0450146003688121,0.0494428254412535,0.017));
#3828=CARTESIAN_POINT('',(0.0434254606773992,0.0496266562762648,0.017));
#3829=CARTESIAN_POINT('',(0.0434254606773992,0.0496266562762648,0.016));
#3830=CARTESIAN_POINT('',(0.0418376610474348,0.0496236161971327,0.016));
#3831=CARTESIAN_POINT('',(0.0418376610474348,0.0496236161971327,0.017));
#3832=CARTESIAN_POINT('',(0.0418376610474348,0.0496236161971327,0.017));
#3833=CARTESIAN_POINT('',(0.0434254606773992,0.0496266562762648,0.017));
#3834=CARTESIAN_POINT('',(0.0418480880641161,0.0476111768911979,0.017));
#3835=CARTESIAN_POINT('',(0.0418480880641161,0.0476111768911979,0.016));
#3836=CARTESIAN_POINT('',(0.0418585150807973,0.0455987375852631,0.016));
#3837=CARTESIAN_POINT('',(0.0418585150807973,0.0455987375852631,0.017));
#3838=CARTESIAN_POINT('',(0.0418585150807973,0.0455987375852631,0.017));
#3839=CARTESIAN_POINT('',(0.0418480880641161,0.0476111768911979,0.017));
#3840=CARTESIAN_POINT('',(0.0434452286069845,0.0456069587963859,0.017));
#3841=CARTESIAN_POINT('',(0.0434452286069845,0.0456069587963859,0.016));
#3842=CARTESIAN_POINT('',(0.0450319421331718,0.0456151800075087,0.016));
#3843=CARTESIAN_POINT('',(0.0450319421331718,0.0456151800075087,0.017));
#3844=CARTESIAN_POINT('',(0.0450319421331718,0.0456151800075087,0.017));
#3845=CARTESIAN_POINT('',(0.0434452286069845,0.0456069587963859,0.017));
#3846=CARTESIAN_POINT('',(0.0450316046974488,0.0457914189449946,0.017));
#3847=CARTESIAN_POINT('',(0.0450316046974488,0.0457914189449946,0.016));
#3848=CARTESIAN_POINT('',(0.0450316046974488,0.0457914189449946,0.017));
#3849=CARTESIAN_POINT('',(0.0436498827513902,0.0466810419144061,0.017));
#3850=CARTESIAN_POINT('',(0.0436498827513902,0.0466810419144061,0.016));
#3851=CARTESIAN_POINT('',(0.0436498827513902,0.0466810419144061,0.017));
#3852=CARTESIAN_POINT('',(0.0298720023989677,0.023730882916227,0.017));
#3853=CARTESIAN_POINT('',(0.0298720023989677,0.023730882916227,0.016));
#3854=CARTESIAN_POINT('',(0.,0.,0.));
#3855=CARTESIAN_POINT('',(0.0141562767337662,0.0491583805557066,0.017));
#3856=CARTESIAN_POINT('',(0.0141562767337662,0.0491583805557066,0.016));
#3857=CARTESIAN_POINT('',(0.0129003162444951,0.0486185280503876,0.016));
#3858=CARTESIAN_POINT('',(0.0154122372230372,0.0496982330610257,0.016));
#3859=CARTESIAN_POINT('',(0.0129003162444951,0.0486185280503876,0.017));
#3860=CARTESIAN_POINT('',(0.0129003162444951,0.0486185280503876,0.017));
#3861=CARTESIAN_POINT('',(0.0141562767337662,0.0491583805557066,0.017));
#3862=CARTESIAN_POINT('',(0.0154122372230372,0.0496982330610257,0.017));
#3863=CARTESIAN_POINT('',(0.0154122372230372,0.0496982330610257,0.017));
#3864=CARTESIAN_POINT('',(0.0129003162444951,0.0470297770894186,0.017));
#3865=CARTESIAN_POINT('',(0.0129003162444951,0.0470297770894186,0.016));
#3866=CARTESIAN_POINT('',(0.0129003162444951,0.0454410261284496,0.016));
#3867=CARTESIAN_POINT('',(0.0129003162444951,0.0454410261284496,0.017));
#3868=CARTESIAN_POINT('',(0.0129003162444951,0.0454410261284496,0.017));
#3869=CARTESIAN_POINT('',(0.0129003162444951,0.0470297770894186,0.017));
#3870=CARTESIAN_POINT('',(0.01416988773649,0.0449001077321995,0.017));
#3871=CARTESIAN_POINT('',(0.01416988773649,0.0449001077321995,0.016));
#3872=CARTESIAN_POINT('',(0.0154394592284848,0.0443591893359495,0.016));
#3873=CARTESIAN_POINT('',(0.0154394592284848,0.0443591893359495,0.017));
#3874=CARTESIAN_POINT('',(0.0154394592284848,0.0443591893359495,0.017));
#3875=CARTESIAN_POINT('',(0.01416988773649,0.0449001077321995,0.017));
#3876=CARTESIAN_POINT('',(0.0166682471131931,0.0449100249997053,0.017));
#3877=CARTESIAN_POINT('',(0.0166682471131931,0.0449100249997053,0.016));
#3878=CARTESIAN_POINT('',(0.0178970349979015,0.0454608606634611,0.016));
#3879=CARTESIAN_POINT('',(0.0178970349979015,0.0454608606634611,0.017));
#3880=CARTESIAN_POINT('',(0.0178970349979015,0.0454608606634611,0.017));
#3881=CARTESIAN_POINT('',(0.0166682471131931,0.0449100249997053,0.017));
#3882=CARTESIAN_POINT('',(0.0178970349979015,0.0469867641678628,0.017));
#3883=CARTESIAN_POINT('',(0.0178970349979015,0.0469867641678628,0.016));
#3884=CARTESIAN_POINT('',(0.0178970349979015,0.0485126676722646,0.016));
#3885=CARTESIAN_POINT('',(0.0178970349979015,0.0485126676722646,0.017));
#3886=CARTESIAN_POINT('',(0.0178970349979015,0.0485126676722646,0.017));
#3887=CARTESIAN_POINT('',(0.0178970349979015,0.0469867641678628,0.017));
#3888=CARTESIAN_POINT('',(0.0166546361104694,0.0491054503666451,0.017));
#3889=CARTESIAN_POINT('',(0.0166546361104694,0.0491054503666451,0.016));
#3890=CARTESIAN_POINT('',(0.0166546361104694,0.0491054503666451,0.017));
#3891=CARTESIAN_POINT('',(0.0298720023989677,0.023730882916227,0.017));
#3892=CARTESIAN_POINT('',(0.0298720023989677,0.023730882916227,0.016));
#3893=MECHANICAL_DESIGN_GEOMETRIC_PRESENTATION_REPRESENTATION('',(#2407),
#3901);
#3894=MECHANICAL_DESIGN_GEOMETRIC_PRESENTATION_REPRESENTATION('',(#2408),
#3902);
#3895=MECHANICAL_DESIGN_GEOMETRIC_PRESENTATION_REPRESENTATION('',(#2409),
#3903);
#3896=MECHANICAL_DESIGN_GEOMETRIC_PRESENTATION_REPRESENTATION('',(#2410),
#3904);
#3897=MECHANICAL_DESIGN_GEOMETRIC_PRESENTATION_REPRESENTATION('',(#2411),
#3905);
#3898=MECHANICAL_DESIGN_GEOMETRIC_PRESENTATION_REPRESENTATION('',(#2412),
#3906);
#3899=MECHANICAL_DESIGN_GEOMETRIC_PRESENTATION_REPRESENTATION('',(#2413),
#3907);
#3900=MECHANICAL_DESIGN_GEOMETRIC_PRESENTATION_REPRESENTATION('',(#2414),
#3908);
#3901=(
GEOMETRIC_REPRESENTATION_CONTEXT(3)
GLOBAL_UNCERTAINTY_ASSIGNED_CONTEXT((#3909))
GLOBAL_UNIT_ASSIGNED_CONTEXT((#3933,#3925,#3917))
REPRESENTATION_CONTEXT('N','TOP_LEVEL_ASSEMBLY_PART')
);
#3902=(
GEOMETRIC_REPRESENTATION_CONTEXT(3)
GLOBAL_UNCERTAINTY_ASSIGNED_CONTEXT((#3910))
GLOBAL_UNIT_ASSIGNED_CONTEXT((#3934,#3926,#3918))
REPRESENTATION_CONTEXT('M','TOP_LEVEL_ASSEMBLY_PART')
);
#3903=(
GEOMETRIC_REPRESENTATION_CONTEXT(3)
GLOBAL_UNCERTAINTY_ASSIGNED_CONTEXT((#3911))
GLOBAL_UNIT_ASSIGNED_CONTEXT((#3935,#3927,#3919))
REPRESENTATION_CONTEXT('I','TOP_LEVEL_ASSEMBLY_PART')
);
#3904=(
GEOMETRIC_REPRESENTATION_CONTEXT(3)
GLOBAL_UNCERTAINTY_ASSIGNED_CONTEXT((#3912))
GLOBAL_UNIT_ASSIGNED_CONTEXT((#3936,#3928,#3920))
REPRESENTATION_CONTEXT('E','TOP_LEVEL_ASSEMBLY_PART')
);
#3905=(
GEOMETRIC_REPRESENTATION_CONTEXT(3)
GLOBAL_UNCERTAINTY_ASSIGNED_CONTEXT((#3913))
GLOBAL_UNIT_ASSIGNED_CONTEXT((#3937,#3929,#3921))
REPRESENTATION_CONTEXT('P','TOP_LEVEL_ASSEMBLY_PART')
);
#3906=(
GEOMETRIC_REPRESENTATION_CONTEXT(3)
GLOBAL_UNCERTAINTY_ASSIGNED_CONTEXT((#3914))
GLOBAL_UNIT_ASSIGNED_CONTEXT((#3938,#3930,#3922))
REPRESENTATION_CONTEXT('A','TOP_LEVEL_ASSEMBLY_PART')
);
#3907=(
GEOMETRIC_REPRESENTATION_CONTEXT(3)
GLOBAL_UNCERTAINTY_ASSIGNED_CONTEXT((#3915))
GLOBAL_UNIT_ASSIGNED_CONTEXT((#3939,#3931,#3923))
REPRESENTATION_CONTEXT('D','TOP_LEVEL_ASSEMBLY_PART')
);
#3908=(
GEOMETRIC_REPRESENTATION_CONTEXT(3)
GLOBAL_UNCERTAINTY_ASSIGNED_CONTEXT((#3916))
GLOBAL_UNIT_ASSIGNED_CONTEXT((#3940,#3932,#3924))
REPRESENTATION_CONTEXT('Logo','TOP_LEVEL_ASSEMBLY_PART')
);
#3909=UNCERTAINTY_MEASURE_WITH_UNIT(LENGTH_MEASURE(1.E-8),#3933,
'DISTANCE_ACCURACY_VALUE','Maximum Tolerance applied to model');
#3910=UNCERTAINTY_MEASURE_WITH_UNIT(LENGTH_MEASURE(1.E-8),#3934,
'DISTANCE_ACCURACY_VALUE','Maximum Tolerance applied to model');
#3911=UNCERTAINTY_MEASURE_WITH_UNIT(LENGTH_MEASURE(1.E-8),#3935,
'DISTANCE_ACCURACY_VALUE','Maximum Tolerance applied to model');
#3912=UNCERTAINTY_MEASURE_WITH_UNIT(LENGTH_MEASURE(1.E-8),#3936,
'DISTANCE_ACCURACY_VALUE','Maximum Tolerance applied to model');
#3913=UNCERTAINTY_MEASURE_WITH_UNIT(LENGTH_MEASURE(1.E-8),#3937,
'DISTANCE_ACCURACY_VALUE','Maximum Tolerance applied to model');
#3914=UNCERTAINTY_MEASURE_WITH_UNIT(LENGTH_MEASURE(1.E-8),#3938,
'DISTANCE_ACCURACY_VALUE','Maximum Tolerance applied to model');
#3915=UNCERTAINTY_MEASURE_WITH_UNIT(LENGTH_MEASURE(1.E-8),#3939,
'DISTANCE_ACCURACY_VALUE','Maximum Tolerance applied to model');
#3916=UNCERTAINTY_MEASURE_WITH_UNIT(LENGTH_MEASURE(1.E-8),#3940,
'DISTANCE_ACCURACY_VALUE','Maximum Tolerance applied to model');
#3917=(
NAMED_UNIT(*)
SI_UNIT($,.STERADIAN.)
SOLID_ANGLE_UNIT()
);
#3918=(
NAMED_UNIT(*)
SI_UNIT($,.STERADIAN.)
SOLID_ANGLE_UNIT()
);
#3919=(
NAMED_UNIT(*)
SI_UNIT($,.STERADIAN.)
SOLID_ANGLE_UNIT()
);
#3920=(
NAMED_UNIT(*)
SI_UNIT($,.STERADIAN.)
SOLID_ANGLE_UNIT()
);
#3921=(
NAMED_UNIT(*)
SI_UNIT($,.STERADIAN.)
SOLID_ANGLE_UNIT()
);
#3922=(
NAMED_UNIT(*)
SI_UNIT($,.STERADIAN.)
SOLID_ANGLE_UNIT()
);
#3923=(
NAMED_UNIT(*)
SI_UNIT($,.STERADIAN.)
SOLID_ANGLE_UNIT()
);
#3924=(
NAMED_UNIT(*)
SI_UNIT($,.STERADIAN.)
SOLID_ANGLE_UNIT()
);
#3925=(
NAMED_UNIT(*)
PLANE_ANGLE_UNIT()
SI_UNIT($,.RADIAN.)
);
#3926=(
NAMED_UNIT(*)
PLANE_ANGLE_UNIT()
SI_UNIT($,.RADIAN.)
);
#3927=(
NAMED_UNIT(*)
PLANE_ANGLE_UNIT()
SI_UNIT($,.RADIAN.)
);
#3928=(
NAMED_UNIT(*)
PLANE_ANGLE_UNIT()
SI_UNIT($,.RADIAN.)
);
#3929=(
NAMED_UNIT(*)
PLANE_ANGLE_UNIT()
SI_UNIT($,.RADIAN.)
);
#3930=(
NAMED_UNIT(*)
PLANE_ANGLE_UNIT()
SI_UNIT($,.RADIAN.)
);
#3931=(
NAMED_UNIT(*)
PLANE_ANGLE_UNIT()
SI_UNIT($,.RADIAN.)
);
#3932=(
NAMED_UNIT(*)
PLANE_ANGLE_UNIT()
SI_UNIT($,.RADIAN.)
);
#3933=(
LENGTH_UNIT()
NAMED_UNIT(*)
SI_UNIT($,.METRE.)
);
#3934=(
LENGTH_UNIT()
NAMED_UNIT(*)
SI_UNIT($,.METRE.)
);
#3935=(
LENGTH_UNIT()
NAMED_UNIT(*)
SI_UNIT($,.METRE.)
);
#3936=(
LENGTH_UNIT()
NAMED_UNIT(*)
SI_UNIT($,.METRE.)
);
#3937=(
LENGTH_UNIT()
NAMED_UNIT(*)
SI_UNIT($,.METRE.)
);
#3938=(
LENGTH_UNIT()
NAMED_UNIT(*)
SI_UNIT($,.METRE.)
);
#3939=(
LENGTH_UNIT()
NAMED_UNIT(*)
SI_UNIT($,.METRE.)
);
#3940=(
LENGTH_UNIT()
NAMED_UNIT(*)
SI_UNIT($,.METRE.)
);
#3941=PRODUCT_DEFINITION_SHAPE('','',#3949);
#3942=PRODUCT_DEFINITION_SHAPE('','',#3950);
#3943=PRODUCT_DEFINITION_SHAPE('','',#3951);
#3944=PRODUCT_DEFINITION_SHAPE('','',#3952);
#3945=PRODUCT_DEFINITION_SHAPE('','',#3953);
#3946=PRODUCT_DEFINITION_SHAPE('','',#3954);
#3947=PRODUCT_DEFINITION_SHAPE('','',#3955);
#3948=PRODUCT_DEFINITION_SHAPE('','',#3956);
#3949=PRODUCT_DEFINITION('','',#3965,#3957);
#3950=PRODUCT_DEFINITION('','',#3966,#3958);
#3951=PRODUCT_DEFINITION('','',#3967,#3959);
#3952=PRODUCT_DEFINITION('','',#3968,#3960);
#3953=PRODUCT_DEFINITION('','',#3969,#3961);
#3954=PRODUCT_DEFINITION('','',#3970,#3962);
#3955=PRODUCT_DEFINITION('','',#3971,#3963);
#3956=PRODUCT_DEFINITION('','',#3972,#3964);
#3957=PRODUCT_DEFINITION_CONTEXT('',#4013,'design');
#3958=PRODUCT_DEFINITION_CONTEXT('',#4014,'design');
#3959=PRODUCT_DEFINITION_CONTEXT('',#4015,'design');
#3960=PRODUCT_DEFINITION_CONTEXT('',#4016,'design');
#3961=PRODUCT_DEFINITION_CONTEXT('',#4017,'design');
#3962=PRODUCT_DEFINITION_CONTEXT('',#4018,'design');
#3963=PRODUCT_DEFINITION_CONTEXT('',#4019,'design');
#3964=PRODUCT_DEFINITION_CONTEXT('',#4020,'design');
#3965=PRODUCT_DEFINITION_FORMATION_WITH_SPECIFIED_SOURCE('','',#3981,
 .NOT_KNOWN.);
#3966=PRODUCT_DEFINITION_FORMATION_WITH_SPECIFIED_SOURCE('','',#3982,
 .NOT_KNOWN.);
#3967=PRODUCT_DEFINITION_FORMATION_WITH_SPECIFIED_SOURCE('','',#3983,
 .NOT_KNOWN.);
#3968=PRODUCT_DEFINITION_FORMATION_WITH_SPECIFIED_SOURCE('','',#3984,
 .NOT_KNOWN.);
#3969=PRODUCT_DEFINITION_FORMATION_WITH_SPECIFIED_SOURCE('','',#3985,
 .NOT_KNOWN.);
#3970=PRODUCT_DEFINITION_FORMATION_WITH_SPECIFIED_SOURCE('','',#3986,
 .NOT_KNOWN.);
#3971=PRODUCT_DEFINITION_FORMATION_WITH_SPECIFIED_SOURCE('','',#3987,
 .NOT_KNOWN.);
#3972=PRODUCT_DEFINITION_FORMATION_WITH_SPECIFIED_SOURCE('','',#3988,
 .NOT_KNOWN.);
#3973=PRODUCT_RELATED_PRODUCT_CATEGORY('','',(#3981));
#3974=PRODUCT_RELATED_PRODUCT_CATEGORY('','',(#3982));
#3975=PRODUCT_RELATED_PRODUCT_CATEGORY('','',(#3983));
#3976=PRODUCT_RELATED_PRODUCT_CATEGORY('','',(#3984));
#3977=PRODUCT_RELATED_PRODUCT_CATEGORY('','',(#3985));
#3978=PRODUCT_RELATED_PRODUCT_CATEGORY('','',(#3986));
#3979=PRODUCT_RELATED_PRODUCT_CATEGORY('','',(#3987));
#3980=PRODUCT_RELATED_PRODUCT_CATEGORY('','',(#3988));
#3981=PRODUCT('N','N','N',(#3997));
#3982=PRODUCT('M','M','M',(#3998));
#3983=PRODUCT('I','I','I',(#3999));
#3984=PRODUCT('E','E','E',(#4000));
#3985=PRODUCT('P','P','P',(#4001));
#3986=PRODUCT('A','A','A',(#4002));
#3987=PRODUCT('D','D','D',(#4003));
#3988=PRODUCT('Logo','Logo','Logo',(#4004));
#3989=PRODUCT_CATEGORY('','');
#3990=PRODUCT_CATEGORY('','');
#3991=PRODUCT_CATEGORY('','');
#3992=PRODUCT_CATEGORY('','');
#3993=PRODUCT_CATEGORY('','');
#3994=PRODUCT_CATEGORY('','');
#3995=PRODUCT_CATEGORY('','');
#3996=PRODUCT_CATEGORY('','');
#3997=PRODUCT_CONTEXT('',#4013,'mechanical');
#3998=PRODUCT_CONTEXT('',#4014,'mechanical');
#3999=PRODUCT_CONTEXT('',#4015,'mechanical');
#4000=PRODUCT_CONTEXT('',#4016,'mechanical');
#4001=PRODUCT_CONTEXT('',#4017,'mechanical');
#4002=PRODUCT_CONTEXT('',#4018,'mechanical');
#4003=PRODUCT_CONTEXT('',#4019,'mechanical');
#4004=PRODUCT_CONTEXT('',#4020,'mechanical');
#4005=APPLICATION_PROTOCOL_DEFINITION('international standard',
'ap242_managed_model_based_3d_engineering',2020,#4013);
#4006=APPLICATION_PROTOCOL_DEFINITION('international standard',
'ap242_managed_model_based_3d_engineering',2020,#4014);
#4007=APPLICATION_PROTOCOL_DEFINITION('international standard',
'ap242_managed_model_based_3d_engineering',2020,#4015);
#4008=APPLICATION_PROTOCOL_DEFINITION('international standard',
'ap242_managed_model_based_3d_engineering',2020,#4016);
#4009=APPLICATION_PROTOCOL_DEFINITION('international standard',
'ap242_managed_model_based_3d_engineering',2020,#4017);
#4010=APPLICATION_PROTOCOL_DEFINITION('international standard',
'ap242_managed_model_based_3d_engineering',2020,#4018);
#4011=APPLICATION_PROTOCOL_DEFINITION('international standard',
'ap242_managed_model_based_3d_engineering',2020,#4019);
#4012=APPLICATION_PROTOCOL_DEFINITION('international standard',
'ap242_managed_model_based_3d_engineering',2020,#4020);
#4013=APPLICATION_CONTEXT('managed model based 3d engineering');
#4014=APPLICATION_CONTEXT('managed model based 3d engineering');
#4015=APPLICATION_CONTEXT('managed model based 3d engineering');
#4016=APPLICATION_CONTEXT('managed model based 3d engineering');
#4017=APPLICATION_CONTEXT('managed model based 3d engineering');
#4018=APPLICATION_CONTEXT('managed model based 3d engineering');
#4019=APPLICATION_CONTEXT('managed model based 3d engineering');
#4020=APPLICATION_CONTEXT('managed model based 3d engineering');
ENDSEC;
END-ISO-10303-21;
